file,line,type,commit,author,date,time,timezone,datetime,depth,length
style.css,1,css,07d8ae36,NGLYRY,2025-01-30,21:48:04,-08:00,2025-01-30T21:48:04-08:00,0,0
style.css,2,css,07d8ae36,NGLYRY,2025-01-30,21:48:04,-08:00,2025-01-30T21:48:04-08:00,0,14
style.css,3,css,8e167ef2,NGLYRY,2025-01-25,20:47:40,-08:00,2025-01-25T20:47:40-08:00,0,18
style.css,4,css,8e167ef2,NGLYRY,2025-01-25,20:47:40,-08:00,2025-01-25T20:47:40-08:00,0,9
style.css,5,css,8e167ef2,NGLYRY,2025-01-25,20:47:40,-08:00,2025-01-25T20:47:40-08:00,0,11
style.css,6,css,8e167ef2,NGLYRY,2025-01-25,20:47:40,-08:00,2025-01-25T20:47:40-08:00,0,14
style.css,7,css,8e167ef2,NGLYRY,2025-01-25,20:47:40,-08:00,2025-01-25T20:47:40-08:00,0,15
style.css,8,css,dd57adaa,NGLYRY,2025-01-25,16:39:36,-08:00,2025-01-25T16:39:36-08:00,0,0
style.css,9,css,dd57adaa,NGLYRY,2025-01-25,16:39:36,-08:00,2025-01-25T16:39:36-08:00,0,0
style.css,10,css,871e8f98,NGLYRY,2025-01-10,18:47:48,-08:00,2025-01-10T18:47:48-08:00,0,5
style.css,11,css,871e8f98,NGLYRY,2025-01-10,18:47:48,-08:00,2025-01-10T18:47:48-08:00,0,44
style.css,12,css,871e8f98,NGLYRY,2025-01-10,18:47:48,-08:00,2025-01-10T18:47:48-08:00,0,43
style.css,13,css,871e8f98,NGLYRY,2025-01-10,18:47:48,-08:00,2025-01-10T18:47:48-08:00,0,1
style.css,14,css,871e8f98,NGLYRY,2025-01-10,18:47:48,-08:00,2025-01-10T18:47:48-08:00,0,24
style.css,15,css,db02b296,NGLYRY,2025-01-17,21:42:25,-08:00,2025-01-17T21:42:25-08:00,0,16
style.css,16,css,de0b34a9,NGLYRY,2025-01-16,22:35:27,-08:00,2025-01-16T22:35:27-08:00,0,28
style.css,17,css,de0b34a9,NGLYRY,2025-01-16,22:35:27,-08:00,2025-01-16T22:35:27-08:00,0,0
style.css,18,css,de0b34a9,NGLYRY,2025-01-16,22:35:27,-08:00,2025-01-16T22:35:27-08:00,0,0
style.css,19,css,de0b34a9,NGLYRY,2025-01-16,22:35:27,-08:00,2025-01-16T22:35:27-08:00,0,4
style.css,20,css,f62a35a6,NGLYRY,2025-01-30,23:39:48,-08:00,2025-01-30T23:39:48-08:00,0,11
style.css,21,css,de0b34a9,NGLYRY,2025-01-16,22:35:27,-08:00,2025-01-16T22:35:27-08:00,0,13
style.css,22,css,de0b34a9,NGLYRY,2025-01-16,22:35:27,-08:00,2025-01-16T22:35:27-08:00,0,17
style.css,23,css,8e167ef2,NGLYRY,2025-01-25,20:47:40,-08:00,2025-01-25T20:47:40-08:00,0,24
style.css,24,css,8e167ef2,NGLYRY,2025-01-25,20:47:40,-08:00,2025-01-25T20:47:40-08:00,0,26
style.css,25,css,8e167ef2,NGLYRY,2025-01-25,20:47:40,-08:00,2025-01-25T20:47:40-08:00,0,40
style.css,26,css,8e167ef2,NGLYRY,2025-01-25,20:47:40,-08:00,2025-01-25T20:47:40-08:00,0,40
style.css,27,css,de0b34a9,NGLYRY,2025-01-16,22:35:27,-08:00,2025-01-16T22:35:27-08:00,0,0
style.css,28,css,de0b34a9,NGLYRY,2025-01-16,22:35:27,-08:00,2025-01-16T22:35:27-08:00,0,0
style.css,29,css,de0b34a9,NGLYRY,2025-01-16,22:35:27,-08:00,2025-01-16T22:35:27-08:00,0,6
style.css,30,css,de0b34a9,NGLYRY,2025-01-16,22:35:27,-08:00,2025-01-16T22:35:27-08:00,0,7
style.css,31,css,de0b34a9,NGLYRY,2025-01-16,22:35:27,-08:00,2025-01-16T22:35:27-08:00,0,21
style.css,32,css,de0b34a9,NGLYRY,2025-01-16,22:35:27,-08:00,2025-01-16T22:35:27-08:00,0,14
style.css,33,css,de0b34a9,NGLYRY,2025-01-16,22:35:27,-08:00,2025-01-16T22:35:27-08:00,0,18
style.css,34,css,de0b34a9,NGLYRY,2025-01-16,22:35:27,-08:00,2025-01-16T22:35:27-08:00,0,14
style.css,35,css,de0b34a9,NGLYRY,2025-01-16,22:35:27,-08:00,2025-01-16T22:35:27-08:00,0,0
style.css,36,css,db02b296,NGLYRY,2025-01-17,21:42:25,-08:00,2025-01-17T21:42:25-08:00,0,0
style.css,37,css,db02b296,NGLYRY,2025-01-17,21:42:25,-08:00,2025-01-17T21:42:25-08:00,0,14
style.css,38,css,8e167ef2,NGLYRY,2025-01-25,20:47:40,-08:00,2025-01-25T20:47:40-08:00,0,46
style.css,39,css,db02b296,NGLYRY,2025-01-17,21:42:25,-08:00,2025-01-17T21:42:25-08:00,0,21
style.css,40,css,db02b296,NGLYRY,2025-01-17,21:42:25,-08:00,2025-01-17T21:42:25-08:00,0,0
style.css,41,css,db02b296,NGLYRY,2025-01-17,21:42:25,-08:00,2025-01-17T21:42:25-08:00,0,0
style.css,42,css,db02b296,NGLYRY,2025-01-17,21:42:25,-08:00,2025-01-17T21:42:25-08:00,0,11
style.css,43,css,db02b296,NGLYRY,2025-01-17,21:42:25,-08:00,2025-01-17T21:42:25-08:00,0,46
style.css,44,css,db02b296,NGLYRY,2025-01-17,21:42:25,-08:00,2025-01-17T21:42:25-08:00,0,26
style.css,45,css,db02b296,NGLYRY,2025-01-17,21:42:25,-08:00,2025-01-17T21:42:25-08:00,0,48
style.css,46,css,8e167ef2,NGLYRY,2025-01-25,20:47:40,-08:00,2025-01-25T20:47:40-08:00,0,70
style.css,47,css,db02b296,NGLYRY,2025-01-17,21:42:25,-08:00,2025-01-17T21:42:25-08:00,0,0
style.css,48,css,db02b296,NGLYRY,2025-01-17,21:42:25,-08:00,2025-01-17T21:42:25-08:00,0,0
style.css,49,css,db02b296,NGLYRY,2025-01-17,21:42:25,-08:00,2025-01-17T21:42:25-08:00,0,6
style.css,50,css,db02b296,NGLYRY,2025-01-17,21:42:25,-08:00,2025-01-17T21:42:25-08:00,0,42
style.css,51,css,db02b296,NGLYRY,2025-01-17,21:42:25,-08:00,2025-01-17T21:42:25-08:00,0,0
style.css,52,css,db02b296,NGLYRY,2025-01-17,21:42:25,-08:00,2025-01-17T21:42:25-08:00,0,0
style.css,53,css,db02b296,NGLYRY,2025-01-17,21:42:25,-08:00,2025-01-17T21:42:25-08:00,0,0
style.css,54,css,db02b296,NGLYRY,2025-01-17,21:42:25,-08:00,2025-01-17T21:42:25-08:00,0,5
style.css,55,css,db02b296,NGLYRY,2025-01-17,21:42:25,-08:00,2025-01-17T21:42:25-08:00,0,13
style.css,56,css,db02b296,NGLYRY,2025-01-17,21:42:25,-08:00,2025-01-17T21:42:25-08:00,0,31
style.css,57,css,db02b296,NGLYRY,2025-01-17,21:42:25,-08:00,2025-01-17T21:42:25-08:00,0,9
style.css,58,css,db02b296,NGLYRY,2025-01-17,21:42:25,-08:00,2025-01-17T21:42:25-08:00,0,14
style.css,59,css,db02b296,NGLYRY,2025-01-17,21:42:25,-08:00,2025-01-17T21:42:25-08:00,0,0
style.css,60,css,db02b296,NGLYRY,2025-01-17,21:42:25,-08:00,2025-01-17T21:42:25-08:00,0,0
style.css,61,css,db02b296,NGLYRY,2025-01-17,21:42:25,-08:00,2025-01-17T21:42:25-08:00,0,5
style.css,62,css,db02b296,NGLYRY,2025-01-17,21:42:25,-08:00,2025-01-17T21:42:25-08:00,0,17
style.css,63,css,db02b296,NGLYRY,2025-01-17,21:42:25,-08:00,2025-01-17T21:42:25-08:00,0,0
style.css,64,css,db02b296,NGLYRY,2025-01-17,21:42:25,-08:00,2025-01-17T21:42:25-08:00,0,0
style.css,65,css,db02b296,NGLYRY,2025-01-17,21:42:25,-08:00,2025-01-17T21:42:25-08:00,0,0
style.css,66,css,db02b296,NGLYRY,2025-01-17,21:42:25,-08:00,2025-01-17T21:42:25-08:00,0,16
style.css,67,css,db02b296,NGLYRY,2025-01-17,21:42:25,-08:00,2025-01-17T21:42:25-08:00,0,11
style.css,68,css,db02b296,NGLYRY,2025-01-17,21:42:25,-08:00,2025-01-17T21:42:25-08:00,0,15
style.css,69,css,db02b296,NGLYRY,2025-01-17,21:42:25,-08:00,2025-01-17T21:42:25-08:00,0,0
style.css,70,css,db02b296,NGLYRY,2025-01-17,21:42:25,-08:00,2025-01-17T21:42:25-08:00,0,0
style.css,71,css,db02b296,NGLYRY,2025-01-17,21:42:25,-08:00,2025-01-17T21:42:25-08:00,0,6
style.css,72,css,db02b296,NGLYRY,2025-01-17,21:42:25,-08:00,2025-01-17T21:42:25-08:00,0,19
style.css,73,css,db02b296,NGLYRY,2025-01-17,21:42:25,-08:00,2025-01-17T21:42:25-08:00,0,20
style.css,74,css,db02b296,NGLYRY,2025-01-17,21:42:25,-08:00,2025-01-17T21:42:25-08:00,0,0
style.css,75,css,db02b296,NGLYRY,2025-01-17,21:42:25,-08:00,2025-01-17T21:42:25-08:00,0,0
style.css,76,css,db02b296,NGLYRY,2025-01-17,21:42:25,-08:00,2025-01-17T21:42:25-08:00,0,13
style.css,77,css,db02b296,NGLYRY,2025-01-17,21:42:25,-08:00,2025-01-17T21:42:25-08:00,0,13
style.css,78,css,db02b296,NGLYRY,2025-01-17,21:42:25,-08:00,2025-01-17T21:42:25-08:00,0,59
style.css,79,css,db02b296,NGLYRY,2025-01-17,21:42:25,-08:00,2025-01-17T21:42:25-08:00,0,0
style.css,80,css,db02b296,NGLYRY,2025-01-17,21:42:25,-08:00,2025-01-17T21:42:25-08:00,0,0
style.css,81,css,db02b296,NGLYRY,2025-01-17,21:42:25,-08:00,2025-01-17T21:42:25-08:00,0,8
style.css,82,css,35318404,NGLYRY,2025-01-17,22:29:18,-08:00,2025-01-17T22:29:18-08:00,0,13
style.css,83,css,db02b296,NGLYRY,2025-01-17,21:42:25,-08:00,2025-01-17T21:42:25-08:00,0,27
style.css,84,css,db02b296,NGLYRY,2025-01-17,21:42:25,-08:00,2025-01-17T21:42:25-08:00,0,16
style.css,85,css,db02b296,NGLYRY,2025-01-17,21:42:25,-08:00,2025-01-17T21:42:25-08:00,0,8
style.css,86,css,db02b296,NGLYRY,2025-01-17,21:42:25,-08:00,2025-01-17T21:42:25-08:00,0,0
style.css,87,css,db02b296,NGLYRY,2025-01-17,21:42:25,-08:00,2025-01-17T21:42:25-08:00,0,0
style.css,88,css,db02b296,NGLYRY,2025-01-17,21:42:25,-08:00,2025-01-17T21:42:25-08:00,0,3
style.css,89,css,db02b296,NGLYRY,2025-01-17,21:42:25,-08:00,2025-01-17T21:42:25-08:00,0,9
style.css,90,css,db02b296,NGLYRY,2025-01-17,21:42:25,-08:00,2025-01-17T21:42:25-08:00,0,16
style.css,91,css,db02b296,NGLYRY,2025-01-17,21:42:25,-08:00,2025-01-17T21:42:25-08:00,0,18
style.css,92,css,db02b296,NGLYRY,2025-01-17,21:42:25,-08:00,2025-01-17T21:42:25-08:00,0,0
style.css,93,css,db02b296,NGLYRY,2025-01-17,21:42:25,-08:00,2025-01-17T21:42:25-08:00,0,0
style.css,94,css,db02b296,NGLYRY,2025-01-17,21:42:25,-08:00,2025-01-17T21:42:25-08:00,0,19
style.css,95,css,db02b296,NGLYRY,2025-01-17,21:42:25,-08:00,2025-01-17T21:42:25-08:00,0,16
style.css,96,css,db02b296,NGLYRY,2025-01-17,21:42:25,-08:00,2025-01-17T21:42:25-08:00,0,18
style.css,97,css,dd57adaa,NGLYRY,2025-01-25,16:39:36,-08:00,2025-01-25T16:39:36-08:00,0,0
style.css,98,css,1590c054,NGLYRY,2025-01-31,15:54:13,-08:00,2025-01-31T15:54:13-08:00,0,0
style.css,99,css,1590c054,NGLYRY,2025-01-31,15:54:13,-08:00,2025-01-31T15:54:13-08:00,0,3
style.css,100,css,1590c054,NGLYRY,2025-01-31,15:54:13,-08:00,2025-01-31T15:54:13-08:00,0,13
style.css,101,css,1590c054,NGLYRY,2025-01-31,15:54:13,-08:00,2025-01-31T15:54:13-08:00,0,61
style.css,102,css,1590c054,NGLYRY,2025-01-31,15:54:13,-08:00,2025-01-31T15:54:13-08:00,0,9
style.css,103,css,1590c054,NGLYRY,2025-01-31,15:54:13,-08:00,2025-01-31T15:54:13-08:00,0,16
style.css,104,css,1590c054,NGLYRY,2025-01-31,15:54:13,-08:00,2025-01-31T15:54:13-08:00,0,12
style.css,105,css,1590c054,NGLYRY,2025-01-31,15:54:13,-08:00,2025-01-31T15:54:13-08:00,0,0
style.css,106,css,1590c054,NGLYRY,2025-01-31,15:54:13,-08:00,2025-01-31T15:54:13-08:00,0,0
style.css,107,css,1590c054,NGLYRY,2025-01-31,15:54:13,-08:00,2025-01-31T15:54:13-08:00,0,15
style.css,108,css,1590c054,NGLYRY,2025-01-31,15:54:13,-08:00,2025-01-31T15:54:13-08:00,0,18
style.css,109,css,1590c054,NGLYRY,2025-01-31,15:54:13,-08:00,2025-01-31T15:54:13-08:00,0,0
style.css,110,css,1590c054,NGLYRY,2025-01-31,15:54:13,-08:00,2025-01-31T15:54:13-08:00,0,0
style.css,111,css,1590c054,NGLYRY,2025-01-31,15:54:13,-08:00,2025-01-31T15:54:13-08:00,0,3
style.css,112,css,1590c054,NGLYRY,2025-01-31,15:54:13,-08:00,2025-01-31T15:54:13-08:00,0,17
style.css,113,css,1590c054,NGLYRY,2025-01-31,15:54:13,-08:00,2025-01-31T15:54:13-08:00,0,17
style.css,114,css,1590c054,NGLYRY,2025-01-31,15:54:13,-08:00,2025-01-31T15:54:13-08:00,0,25
style.css,115,css,1590c054,NGLYRY,2025-01-31,15:54:13,-08:00,2025-01-31T15:54:13-08:00,0,30
style.css,116,css,1590c054,NGLYRY,2025-01-31,15:54:13,-08:00,2025-01-31T15:54:13-08:00,0,44
style.css,117,css,1590c054,NGLYRY,2025-01-31,15:54:13,-08:00,2025-01-31T15:54:13-08:00,0,0
style.css,118,css,1590c054,NGLYRY,2025-01-31,15:54:13,-08:00,2025-01-31T15:54:13-08:00,0,0
style.css,119,css,1590c054,NGLYRY,2025-01-31,15:54:13,-08:00,2025-01-31T15:54:13-08:00,0,3
style.css,120,css,1590c054,NGLYRY,2025-01-31,15:54:13,-08:00,2025-01-31T15:54:13-08:00,0,15
style.css,121,css,1590c054,NGLYRY,2025-01-31,15:54:13,-08:00,2025-01-31T15:54:13-08:00,0,17
style.css,122,css,1590c054,NGLYRY,2025-01-31,15:54:13,-08:00,2025-01-31T15:54:13-08:00,0,9
style.css,123,css,1590c054,NGLYRY,2025-01-31,15:54:13,-08:00,2025-01-31T15:54:13-08:00,0,45
style.css,124,css,7e722c61,NGLYRY,2025-02-07,23:14:59,-08:00,2025-02-07T23:14:59-08:00,0,0
style.css,125,css,7e722c61,NGLYRY,2025-02-07,23:14:59,-08:00,2025-02-07T23:14:59-08:00,0,0
style.css,126,css,7e722c61,NGLYRY,2025-02-07,23:14:59,-08:00,2025-02-07T23:14:59-08:00,0,14
style.css,127,css,7e722c61,NGLYRY,2025-02-07,23:14:59,-08:00,2025-02-07T23:14:59-08:00,0,17
style.css,128,css,7e722c61,NGLYRY,2025-02-07,23:14:59,-08:00,2025-02-07T23:14:59-08:00,0,18
style.css,129,css,7e722c61,NGLYRY,2025-02-07,23:14:59,-08:00,2025-02-07T23:14:59-08:00,0,30
style.css,130,css,7e722c61,NGLYRY,2025-02-07,23:14:59,-08:00,2025-02-07T23:14:59-08:00,0,0
style.css,131,css,7e722c61,NGLYRY,2025-02-07,23:14:59,-08:00,2025-02-07T23:14:59-08:00,0,0
style.css,132,css,7e722c61,NGLYRY,2025-02-07,23:14:59,-08:00,2025-02-07T23:14:59-08:00,0,19
style.css,133,css,7e722c61,NGLYRY,2025-02-07,23:14:59,-08:00,2025-02-07T23:14:59-08:00,0,15
style.css,134,css,7e722c61,NGLYRY,2025-02-07,23:14:59,-08:00,2025-02-07T23:14:59-08:00,0,17
style.css,135,css,7e722c61,NGLYRY,2025-02-07,23:14:59,-08:00,2025-02-07T23:14:59-08:00,0,0
style.css,136,css,7e722c61,NGLYRY,2025-02-07,23:14:59,-08:00,2025-02-07T23:14:59-08:00,0,17
style.css,137,css,7e722c61,NGLYRY,2025-02-07,23:14:59,-08:00,2025-02-07T23:14:59-08:00,0,0
style.css,138,css,7e722c61,NGLYRY,2025-02-07,23:14:59,-08:00,2025-02-07T23:14:59-08:00,0,0
style.css,139,css,7e722c61,NGLYRY,2025-02-07,23:14:59,-08:00,2025-02-07T23:14:59-08:00,0,8
style.css,140,css,7e722c61,NGLYRY,2025-02-07,23:14:59,-08:00,2025-02-07T23:14:59-08:00,0,21
style.css,141,css,7e722c61,NGLYRY,2025-02-07,23:14:59,-08:00,2025-02-07T23:14:59-08:00,0,30
style.css,142,css,7e722c61,NGLYRY,2025-02-07,23:14:59,-08:00,2025-02-07T23:14:59-08:00,0,10
style.css,143,css,7e722c61,NGLYRY,2025-02-07,23:14:59,-08:00,2025-02-07T23:14:59-08:00,0,11
style.css,144,css,7e722c61,NGLYRY,2025-02-07,23:14:59,-08:00,2025-02-07T23:14:59-08:00,0,19
style.css,145,css,7e722c61,NGLYRY,2025-02-07,23:14:59,-08:00,2025-02-07T23:14:59-08:00,0,19
style.css,146,css,7e722c61,NGLYRY,2025-02-07,23:14:59,-08:00,2025-02-07T23:14:59-08:00,0,18
style.css,147,css,7e722c61,NGLYRY,2025-02-07,23:14:59,-08:00,2025-02-07T23:14:59-08:00,0,0
style.css,148,css,7e722c61,NGLYRY,2025-02-07,23:14:59,-08:00,2025-02-07T23:14:59-08:00,0,0
style.css,149,css,7e722c61,NGLYRY,2025-02-07,23:14:59,-08:00,2025-02-07T23:14:59-08:00,0,8
style.css,150,css,7e722c61,NGLYRY,2025-02-07,23:14:59,-08:00,2025-02-07T23:14:59-08:00,0,13
style.css,151,css,7e722c61,NGLYRY,2025-02-07,23:14:59,-08:00,2025-02-07T23:14:59-08:00,0,58
style.css,152,css,7e722c61,NGLYRY,2025-02-07,23:14:59,-08:00,2025-02-07T23:14:59-08:00,0,10
style.css,153,css,7e722c61,NGLYRY,2025-02-07,23:14:59,-08:00,2025-02-07T23:14:59-08:00,0,19
style.css,154,css,7e722c61,NGLYRY,2025-02-07,23:14:59,-08:00,2025-02-07T23:14:59-08:00,0,11
style.css,155,css,7e722c61,NGLYRY,2025-02-07,23:14:59,-08:00,2025-02-07T23:14:59-08:00,0,7
style.css,156,css,7e722c61,NGLYRY,2025-02-07,23:14:59,-08:00,2025-02-07T23:14:59-08:00,0,22
style.css,157,css,7e722c61,NGLYRY,2025-02-07,23:14:59,-08:00,2025-02-07T23:14:59-08:00,0,12
style.css,158,css,7e722c61,NGLYRY,2025-02-07,23:14:59,-08:00,2025-02-07T23:14:59-08:00,0,0
style.css,159,css,7e722c61,NGLYRY,2025-02-07,23:14:59,-08:00,2025-02-07T23:14:59-08:00,0,0
style.css,160,css,7e722c61,NGLYRY,2025-02-07,23:14:59,-08:00,2025-02-07T23:14:59-08:00,0,7
style.css,161,css,7e722c61,NGLYRY,2025-02-07,23:14:59,-08:00,2025-02-07T23:14:59-08:00,0,13
style.css,162,css,7e722c61,NGLYRY,2025-02-07,23:14:59,-08:00,2025-02-07T23:14:59-08:00,0,19
style.css,163,css,7e722c61,NGLYRY,2025-02-07,23:14:59,-08:00,2025-02-07T23:14:59-08:00,0,8
style.css,164,css,7e722c61,NGLYRY,2025-02-07,23:14:59,-08:00,2025-02-07T23:14:59-08:00,0,19
style.css,165,css,7e722c61,NGLYRY,2025-02-07,23:14:59,-08:00,2025-02-07T23:14:59-08:00,0,0
style.css,166,css,7e722c61,NGLYRY,2025-02-07,23:14:59,-08:00,2025-02-07T23:14:59-08:00,0,0
style.css,167,css,7e722c61,NGLYRY,2025-02-07,23:14:59,-08:00,2025-02-07T23:14:59-08:00,0,11
style.css,168,css,7e722c61,NGLYRY,2025-02-07,23:14:59,-08:00,2025-02-07T23:14:59-08:00,0,13
style.css,169,css,7e722c61,NGLYRY,2025-02-07,23:14:59,-08:00,2025-02-07T23:14:59-08:00,0,15
style.css,170,css,7e722c61,NGLYRY,2025-02-07,23:14:59,-08:00,2025-02-07T23:14:59-08:00,0,27
style.css,171,css,7e722c61,NGLYRY,2025-02-07,23:14:59,-08:00,2025-02-07T23:14:59-08:00,0,9
style.css,172,css,7e722c61,NGLYRY,2025-02-07,23:14:59,-08:00,2025-02-07T23:14:59-08:00,0,0
style.css,173,css,7e722c61,NGLYRY,2025-02-07,23:14:59,-08:00,2025-02-07T23:14:59-08:00,0,0
style.css,174,css,7e722c61,NGLYRY,2025-02-07,23:14:59,-08:00,2025-02-07T23:14:59-08:00,0,18
style.css,175,css,7e722c61,NGLYRY,2025-02-07,23:14:59,-08:00,2025-02-07T23:14:59-08:00,0,17
style.css,176,css,7e722c61,NGLYRY,2025-02-07,23:14:59,-08:00,2025-02-07T23:14:59-08:00,0,12
style.css,177,css,7e722c61,NGLYRY,2025-02-07,23:14:59,-08:00,2025-02-07T23:14:59-08:00,0,0
style.css,178,css,7e722c61,NGLYRY,2025-02-07,23:14:59,-08:00,2025-02-07T23:14:59-08:00,0,0
style.css,179,css,7e722c61,NGLYRY,2025-02-07,23:14:59,-08:00,2025-02-07T23:14:59-08:00,0,0
style.css,180,css,7e722c61,NGLYRY,2025-02-07,23:14:59,-08:00,2025-02-07T23:14:59-08:00,0,5
style.css,181,css,7e722c61,NGLYRY,2025-02-07,23:14:59,-08:00,2025-02-07T23:14:59-08:00,0,17
style.css,182,css,479bf20a,NGLYRY,2025-02-08,03:58:49,-08:00,2025-02-08T03:58:49-08:00,0,15
style.css,183,css,479bf20a,NGLYRY,2025-02-08,03:58:49,-08:00,2025-02-08T03:58:49-08:00,0,0
style.css,184,css,479bf20a,NGLYRY,2025-02-08,03:58:49,-08:00,2025-02-08T03:58:49-08:00,0,0
style.css,185,css,479bf20a,NGLYRY,2025-02-08,03:58:49,-08:00,2025-02-08T03:58:49-08:00,0,10
style.css,186,css,479bf20a,NGLYRY,2025-02-08,03:58:49,-08:00,2025-02-08T03:58:49-08:00,0,36
style.css,187,css,479bf20a,NGLYRY,2025-02-08,03:58:49,-08:00,2025-02-08T03:58:49-08:00,0,0
style.css,188,css,479bf20a,NGLYRY,2025-02-08,03:58:49,-08:00,2025-02-08T03:58:49-08:00,0,11
style.css,189,css,479bf20a,NGLYRY,2025-02-08,03:58:49,-08:00,2025-02-08T03:58:49-08:00,0,18
style.css,190,css,479bf20a,NGLYRY,2025-02-08,03:58:49,-08:00,2025-02-08T03:58:49-08:00,0,0
style.css,191,css,5358ad4b,NGLYRY,2025-02-08,21:49:28,-08:00,2025-02-08T21:49:28-08:00,0,1
style.css,192,css,479bf20a,NGLYRY,2025-02-08,03:58:49,-08:00,2025-02-08T03:58:49-08:00,0,9
style.css,193,css,479bf20a,NGLYRY,2025-02-08,03:58:49,-08:00,2025-02-08T03:58:49-08:00,0,18
style.css,194,css,5358ad4b,NGLYRY,2025-02-08,21:49:28,-08:00,2025-02-08T21:49:28-08:00,0,3
style.css,195,css,479bf20a,NGLYRY,2025-02-08,03:58:49,-08:00,2025-02-08T03:58:49-08:00,0,5
style.css,196,css,479bf20a,NGLYRY,2025-02-08,03:58:49,-08:00,2025-02-08T03:58:49-08:00,0,15
style.css,197,css,479bf20a,NGLYRY,2025-02-08,03:58:49,-08:00,2025-02-08T03:58:49-08:00,0,0
style.css,198,css,479bf20a,NGLYRY,2025-02-08,03:58:49,-08:00,2025-02-08T03:58:49-08:00,0,0
style.css,199,css,5358ad4b,NGLYRY,2025-02-08,21:49:28,-08:00,2025-02-08T21:49:28-08:00,0,0
style.css,200,css,5358ad4b,NGLYRY,2025-02-08,21:49:28,-08:00,2025-02-08T21:49:28-08:00,0,16
style.css,201,css,5358ad4b,NGLYRY,2025-02-08,21:49:28,-08:00,2025-02-08T21:49:28-08:00,0,19
style.css,202,css,5358ad4b,NGLYRY,2025-02-08,21:49:28,-08:00,2025-02-08T21:49:28-08:00,0,0
index.js,1,js,b8c54267,NGLYRY,2025-01-31,18:06:07,-08:00,2025-01-31T18:06:07-08:00,0,72
index.js,2,js,1590c054,NGLYRY,2025-01-31,15:54:13,-08:00,2025-01-31T15:54:13-08:00,0,0
index.js,3,js,b8c54267,NGLYRY,2025-01-31,18:06:07,-08:00,2025-01-31T18:06:07-08:00,0,22
index.js,4,js,b8c54267,NGLYRY,2025-01-31,18:06:07,-08:00,2025-01-31T18:06:07-08:00,0,55
index.js,5,js,b8c54267,NGLYRY,2025-01-31,18:06:07,-08:00,2025-01-31T18:06:07-08:00,0,43
index.js,6,js,b8c54267,NGLYRY,2025-01-31,18:06:07,-08:00,2025-01-31T18:06:07-08:00,0,61
index.js,7,js,1590c054,NGLYRY,2025-01-31,15:54:13,-08:00,2025-01-31T15:54:13-08:00,0,0
index.js,8,js,b8c54267,NGLYRY,2025-01-31,18:06:07,-08:00,2025-01-31T18:06:07-08:00,0,49
index.js,9,js,1590c054,NGLYRY,2025-01-31,15:54:13,-08:00,2025-01-31T15:54:13-08:00,0,0
index.js,10,js,b8c54267,NGLYRY,2025-01-31,18:06:07,-08:00,2025-01-31T18:06:07-08:00,0,50
index.js,11,js,b8c54267,NGLYRY,2025-01-31,18:06:07,-08:00,2025-01-31T18:06:07-08:00,0,61
index.js,12,js,1590c054,NGLYRY,2025-01-31,15:54:13,-08:00,2025-01-31T15:54:13-08:00,0,0
index.js,13,js,b8c54267,NGLYRY,2025-01-31,18:06:07,-08:00,2025-01-31T18:06:07-08:00,0,18
index.js,14,js,b8c54267,NGLYRY,2025-01-31,18:06:07,-08:00,2025-01-31T18:06:07-08:00,0,25
index.js,15,js,b8c54267,NGLYRY,2025-01-31,18:06:07,-08:00,2025-01-31T18:06:07-08:00,0,3
index.js,16,js,b8c54267,NGLYRY,2025-01-31,18:06:07,-08:00,2025-01-31T18:06:07-08:00,0,56
index.js,17,js,b8c54267,NGLYRY,2025-01-31,18:06:07,-08:00,2025-01-31T18:06:07-08:00,0,56
index.js,18,js,b8c54267,NGLYRY,2025-01-31,18:06:07,-08:00,2025-01-31T18:06:07-08:00,0,50
index.js,19,js,b8c54267,NGLYRY,2025-01-31,18:06:07,-08:00,2025-01-31T18:06:07-08:00,0,50
index.js,20,js,b8c54267,NGLYRY,2025-01-31,18:06:07,-08:00,2025-01-31T18:06:07-08:00,0,4
index.js,21,js,b8c54267,NGLYRY,2025-01-31,18:06:07,-08:00,2025-01-31T18:06:07-08:00,0,1
index.js,22,js,b8c54267,NGLYRY,2025-01-31,18:06:07,-08:00,2025-01-31T18:06:07-08:00,0,0
index.js,23,js,1590c054,NGLYRY,2025-01-31,15:54:13,-08:00,2025-01-31T15:54:13-08:00,0,0
index.js,24,js,b8c54267,NGLYRY,2025-01-31,18:06:07,-08:00,2025-01-31T18:06:07-08:00,0,36
index.js,25,js,b8c54267,NGLYRY,2025-01-31,18:06:07,-08:00,2025-01-31T18:06:07-08:00,0,0
index.js,26,js,1590c054,NGLYRY,2025-01-31,15:54:13,-08:00,2025-01-31T15:54:13-08:00,0,0
index.js,27,js,b8c54267,NGLYRY,2025-01-31,18:06:07,-08:00,2025-01-31T18:06:07-08:00,0,33
index.js,28,js,1590c054,NGLYRY,2025-01-31,15:54:13,-08:00,2025-01-31T15:54:13-08:00,0,0
index.html,1,html,827d5b4,NGLYRY,2025-01-09,18:53:09,-08:00,2025-01-09T18:53:09-08:00,0,14
index.html,2,html,dd57adaa,NGLYRY,2025-01-25,16:39:36,-08:00,2025-01-25T16:39:36-08:00,0,28
index.html,3,html,827d5b4,NGLYRY,2025-01-09,18:53:09,-08:00,2025-01-09T18:53:09-08:00,0,5
index.html,4,html,782d13bf,NGLYRY,2025-01-10,13:50:08,-08:00,2025-01-10T13:50:08-08:00,0,0
index.html,5,html,827d5b4,NGLYRY,2025-01-09,18:53:09,-08:00,2025-01-09T18:53:09-08:00,0,21
index.html,6,html,827d5b4,NGLYRY,2025-01-09,18:53:09,-08:00,2025-01-09T18:53:09-08:00,0,69
index.html,7,html,827d5b4,NGLYRY,2025-01-09,18:53:09,-08:00,2025-01-09T18:53:09-08:00,0,50
index.html,8,html,65a26aaa,NGLYRY,2025-01-25,15:49:51,-08:00,2025-01-25T15:49:51-08:00,0,39
index.html,9,html,55029186,NGLYRY,2025-01-31,18:16:22,-08:00,2025-01-31T18:16:22-08:00,0,49
index.html,10,html,55029186,NGLYRY,2025-01-31,18:16:22,-08:00,2025-01-31T18:16:22-08:00,0,53
index.html,11,html,782d13bf,NGLYRY,2025-01-10,13:50:08,-08:00,2025-01-10T13:50:08-08:00,0,0
index.html,12,html,827d5b4,NGLYRY,2025-01-09,18:53:09,-08:00,2025-01-09T18:53:09-08:00,0,6
index.html,13,html,827d5b4,NGLYRY,2025-01-09,18:53:09,-08:00,2025-01-09T18:53:09-08:00,0,5
index.html,14,html,782d13bf,NGLYRY,2025-01-10,13:50:08,-08:00,2025-01-10T13:50:08-08:00,0,0
index.html,15,html,827d5b4,NGLYRY,2025-01-09,18:53:09,-08:00,2025-01-09T18:53:09-08:00,0,16
index.html,16,html,8d36a166,NGLYRY,2025-01-10,14:23:26,-08:00,2025-01-10T14:23:26-08:00,0,0
index.html,17,html,dd57adaa,NGLYRY,2025-01-25,16:39:36,-08:00,2025-01-25T16:39:36-08:00,0,0
index.html,18,html,de0b34a9,NGLYRY,2025-01-16,22:35:27,-08:00,2025-01-16T22:35:27-08:00,0,742
index.html,19,html,84baed5c,NGLYRY,2025-01-10,17:52:07,-08:00,2025-01-10T17:52:07-08:00,0,52
index.html,20,html,1590c054,NGLYRY,2025-01-31,15:54:13,-08:00,2025-01-31T15:54:13-08:00,0,0
index.html,21,html,1590c054,NGLYRY,2025-01-31,15:54:13,-08:00,2025-01-31T15:54:13-08:00,0,29
index.html,22,html,1590c054,NGLYRY,2025-01-31,15:54:13,-08:00,2025-01-31T15:54:13-08:00,0,23
index.html,23,html,1590c054,NGLYRY,2025-01-31,15:54:13,-08:00,2025-01-31T15:54:13-08:00,0,0
index.html,24,html,1590c054,NGLYRY,2025-01-31,15:54:13,-08:00,2025-01-31T15:54:13-08:00,0,21
index.html,25,html,1590c054,NGLYRY,2025-01-31,15:54:13,-08:00,2025-01-31T15:54:13-08:00,0,50
index.html,26,html,1590c054,NGLYRY,2025-01-31,15:54:13,-08:00,2025-01-31T15:54:13-08:00,0,5
index.html,27,html,1590c054,NGLYRY,2025-01-31,15:54:13,-08:00,2025-01-31T15:54:13-08:00,0,0
index.html,28,html,1590c054,NGLYRY,2025-01-31,15:54:13,-08:00,2025-01-31T15:54:13-08:00,0,23
index.html,29,html,1590c054,NGLYRY,2025-01-31,15:54:13,-08:00,2025-01-31T15:54:13-08:00,0,5
index.html,30,html,1590c054,NGLYRY,2025-01-31,15:54:13,-08:00,2025-01-31T15:54:13-08:00,0,9
index.html,31,html,782d13bf,NGLYRY,2025-01-10,13:50:08,-08:00,2025-01-10T13:50:08-08:00,0,0
index.html,32,html,827d5b4,NGLYRY,2025-01-09,18:53:09,-08:00,2025-01-09T18:53:09-08:00,0,6
index.html,33,html,941fc4e4,NGLYRY,2025-01-09,22:06:15,-08:00,2025-01-09T22:06:15-08:00,0,6
index.html,34,html,95a9585f,NGLYRY,2025-01-10,13:23:44,-08:00,2025-01-10T13:23:44-08:00,0,0
index.html,35,html,95a9585f,NGLYRY,2025-01-10,13:23:44,-08:00,2025-01-10T13:23:44-08:00,0,0
index.html,36,html,95a9585f,NGLYRY,2025-01-10,13:23:44,-08:00,2025-01-10T13:23:44-08:00,0,0
global.js,1,js,65a26aaa,NGLYRY,2025-01-25,15:49:51,-08:00,2025-01-25T15:49:51-08:00,0,26
global.js,2,js,65a26aaa,NGLYRY,2025-01-25,15:49:51,-08:00,2025-01-25T15:49:51-08:00,0,0
global.js,3,js,65a26aaa,NGLYRY,2025-01-25,15:49:51,-08:00,2025-01-25T15:49:51-08:00,0,42
global.js,4,js,65a26aaa,NGLYRY,2025-01-25,15:49:51,-08:00,2025-01-25T15:49:51-08:00,0,53
global.js,5,js,65a26aaa,NGLYRY,2025-01-25,15:49:51,-08:00,2025-01-25T15:49:51-08:00,0,0
global.js,6,js,65a26aaa,NGLYRY,2025-01-25,15:49:51,-08:00,2025-01-25T15:49:51-08:00,0,0
global.js,7,js,dd57adaa,NGLYRY,2025-01-25,16:39:36,-08:00,2025-01-25T16:39:36-08:00,0,31
global.js,8,js,65a26aaa,NGLYRY,2025-01-25,15:49:51,-08:00,2025-01-25T15:49:51-08:00,0,0
global.js,9,js,dd57adaa,NGLYRY,2025-01-25,16:39:36,-08:00,2025-01-25T16:39:36-08:00,0,36
global.js,10,js,dd57adaa,NGLYRY,2025-01-25,16:39:36,-08:00,2025-01-25T16:39:36-08:00,0,71
global.js,11,js,dd57adaa,NGLYRY,2025-01-25,16:39:36,-08:00,2025-01-25T16:39:36-08:00,0,4
global.js,12,js,65a26aaa,NGLYRY,2025-01-25,15:49:51,-08:00,2025-01-25T15:49:51-08:00,0,0
global.js,13,js,dd57adaa,NGLYRY,2025-01-25,16:39:36,-08:00,2025-01-25T16:39:36-08:00,0,20
global.js,14,js,dd57adaa,NGLYRY,2025-01-25,16:39:36,-08:00,2025-01-25T16:39:36-08:00,0,41
global.js,15,js,dd57adaa,NGLYRY,2025-01-25,16:39:36,-08:00,2025-01-25T16:39:36-08:00,0,3
global.js,16,js,dd57adaa,NGLYRY,2025-01-25,16:39:36,-08:00,2025-01-25T16:39:36-08:00,0,0
global.js,17,js,dd57adaa,NGLYRY,2025-01-25,16:39:36,-08:00,2025-01-25T16:39:36-08:00,0,12
global.js,18,js,dd57adaa,NGLYRY,2025-01-25,16:39:36,-08:00,2025-01-25T16:39:36-08:00,0,26
global.js,19,js,dd57adaa,NGLYRY,2025-01-25,16:39:36,-08:00,2025-01-25T16:39:36-08:00,0,39
global.js,20,js,dd57adaa,NGLYRY,2025-01-25,16:39:36,-08:00,2025-01-25T16:39:36-08:00,0,35
global.js,21,js,dd57adaa,NGLYRY,2025-01-25,16:39:36,-08:00,2025-01-25T16:39:36-08:00,0,37
global.js,22,js,dd57adaa,NGLYRY,2025-01-25,16:39:36,-08:00,2025-01-25T16:39:36-08:00,0,53
global.js,23,js,dd57adaa,NGLYRY,2025-01-25,16:39:36,-08:00,2025-01-25T16:39:36-08:00,0,1
global.js,24,js,dd57adaa,NGLYRY,2025-01-25,16:39:36,-08:00,2025-01-25T16:39:36-08:00,0,0
global.js,25,js,dd57adaa,NGLYRY,2025-01-25,16:39:36,-08:00,2025-01-25T16:39:36-08:00,0,71
global.js,26,js,dd57adaa,NGLYRY,2025-01-25,16:39:36,-08:00,2025-01-25T16:39:36-08:00,0,71
global.js,27,js,dd57adaa,NGLYRY,2025-01-25,16:39:36,-08:00,2025-01-25T16:39:36-08:00,0,0
global.js,28,js,dd57adaa,NGLYRY,2025-01-25,16:39:36,-08:00,2025-01-25T16:39:36-08:00,0,55
global.js,29,js,dd57adaa,NGLYRY,2025-01-25,16:39:36,-08:00,2025-01-25T16:39:36-08:00,0,39
global.js,30,js,dd57adaa,NGLYRY,2025-01-25,16:39:36,-08:00,2025-01-25T16:39:36-08:00,0,26
global.js,31,js,dd57adaa,NGLYRY,2025-01-25,16:39:36,-08:00,2025-01-25T16:39:36-08:00,0,0
global.js,32,js,dd57adaa,NGLYRY,2025-01-25,16:39:36,-08:00,2025-01-25T16:39:36-08:00,0,46
global.js,33,js,dd57adaa,NGLYRY,2025-01-25,16:39:36,-08:00,2025-01-25T16:39:36-08:00,0,21
global.js,34,js,dd57adaa,NGLYRY,2025-01-25,16:39:36,-08:00,2025-01-25T16:39:36-08:00,0,15
global.js,35,js,dd57adaa,NGLYRY,2025-01-25,16:39:36,-08:00,2025-01-25T16:39:36-08:00,0,19
global.js,36,js,d7298411,NGLYRY,2025-01-25,15:55:44,-08:00,2025-01-25T15:55:44-08:00,0,0
global.js,37,js,dd57adaa,NGLYRY,2025-01-25,16:39:36,-08:00,2025-01-25T16:39:36-08:00,0,61
global.js,38,js,dd57adaa,NGLYRY,2025-01-25,16:39:36,-08:00,2025-01-25T16:39:36-08:00,0,65
global.js,39,js,dd57adaa,NGLYRY,2025-01-25,16:39:36,-08:00,2025-01-25T16:39:36-08:00,0,0
global.js,40,js,dd57adaa,NGLYRY,2025-01-25,16:39:36,-08:00,2025-01-25T16:39:36-08:00,0,33
global.js,41,js,dd57adaa,NGLYRY,2025-01-25,16:39:36,-08:00,2025-01-25T16:39:36-08:00,0,35
global.js,42,js,dd57adaa,NGLYRY,2025-01-25,16:39:36,-08:00,2025-01-25T16:39:36-08:00,0,12
global.js,43,js,dd57adaa,NGLYRY,2025-01-25,16:39:36,-08:00,2025-01-25T16:39:36-08:00,0,21
global.js,44,js,dd57adaa,NGLYRY,2025-01-25,16:39:36,-08:00,2025-01-25T16:39:36-08:00,0,13
global.js,45,js,dd57adaa,NGLYRY,2025-01-25,16:39:36,-08:00,2025-01-25T16:39:36-08:00,0,0
global.js,46,js,dd57adaa,NGLYRY,2025-01-25,16:39:36,-08:00,2025-01-25T16:39:36-08:00,0,66
global.js,47,js,dd57adaa,NGLYRY,2025-01-25,16:39:36,-08:00,2025-01-25T16:39:36-08:00,0,26
global.js,48,js,dd57adaa,NGLYRY,2025-01-25,16:39:36,-08:00,2025-01-25T16:39:36-08:00,0,0
global.js,49,js,dd57adaa,NGLYRY,2025-01-25,16:39:36,-08:00,2025-01-25T16:39:36-08:00,0,0
global.js,50,js,dd57adaa,NGLYRY,2025-01-25,16:39:36,-08:00,2025-01-25T16:39:36-08:00,0,29
global.js,51,js,dd57adaa,NGLYRY,2025-01-25,16:39:36,-08:00,2025-01-25T16:39:36-08:00,0,18
global.js,52,js,dd57adaa,NGLYRY,2025-01-25,16:39:36,-08:00,2025-01-25T16:39:36-08:00,0,0
global.js,53,js,dd57adaa,NGLYRY,2025-01-25,16:39:36,-08:00,2025-01-25T16:39:36-08:00,0,0
global.js,54,js,8e167ef2,NGLYRY,2025-01-25,20:47:40,-08:00,2025-01-25T20:47:40-08:00,0,32
global.js,55,js,8e167ef2,NGLYRY,2025-01-25,20:47:40,-08:00,2025-01-25T20:47:40-08:00,0,12
global.js,56,js,8e167ef2,NGLYRY,2025-01-25,20:47:40,-08:00,2025-01-25T20:47:40-08:00,0,0
global.js,57,js,8e167ef2,NGLYRY,2025-01-25,20:47:40,-08:00,2025-01-25T20:47:40-08:00,0,27
global.js,58,js,8e167ef2,NGLYRY,2025-01-25,20:47:40,-08:00,2025-01-25T20:47:40-08:00,0,5
global.js,59,js,8e167ef2,NGLYRY,2025-01-25,20:47:40,-08:00,2025-01-25T20:47:40-08:00,0,21
global.js,60,js,8e167ef2,NGLYRY,2025-01-25,20:47:40,-08:00,2025-01-25T20:47:40-08:00,0,44
global.js,61,js,8e167ef2,NGLYRY,2025-01-25,20:47:40,-08:00,2025-01-25T20:47:40-08:00,0,35
global.js,62,js,8e167ef2,NGLYRY,2025-01-25,20:47:40,-08:00,2025-01-25T20:47:40-08:00,0,33
global.js,63,js,8e167ef2,NGLYRY,2025-01-25,20:47:40,-08:00,2025-01-25T20:47:40-08:00,0,8
global.js,64,js,8e167ef2,NGLYRY,2025-01-25,20:47:40,-08:00,2025-01-25T20:47:40-08:00,0,8
global.js,65,js,8e167ef2,NGLYRY,2025-01-25,20:47:40,-08:00,2025-01-25T20:47:40-08:00,0,1
global.js,66,js,d7298411,NGLYRY,2025-01-25,15:55:44,-08:00,2025-01-25T15:55:44-08:00,0,0
global.js,67,js,8e167ef2,NGLYRY,2025-01-25,20:47:40,-08:00,2025-01-25T20:47:40-08:00,0,49
global.js,68,js,8e167ef2,NGLYRY,2025-01-25,20:47:40,-08:00,2025-01-25T20:47:40-08:00,0,0
global.js,69,js,8e167ef2,NGLYRY,2025-01-25,20:47:40,-08:00,2025-01-25T20:47:40-08:00,0,50
global.js,70,js,8e167ef2,NGLYRY,2025-01-25,20:47:40,-08:00,2025-01-25T20:47:40-08:00,0,58
global.js,71,js,8e167ef2,NGLYRY,2025-01-25,20:47:40,-08:00,2025-01-25T20:47:40-08:00,0,78
global.js,72,js,8e167ef2,NGLYRY,2025-01-25,20:47:40,-08:00,2025-01-25T20:47:40-08:00,0,45
global.js,73,js,8e167ef2,NGLYRY,2025-01-25,20:47:40,-08:00,2025-01-25T20:47:40-08:00,0,2
global.js,74,js,8e167ef2,NGLYRY,2025-01-25,20:47:40,-08:00,2025-01-25T20:47:40-08:00,0,0
global.js,75,js,8e167ef2,NGLYRY,2025-01-25,20:47:40,-08:00,2025-01-25T20:47:40-08:00,0,35
global.js,76,js,8e167ef2,NGLYRY,2025-01-25,20:47:40,-08:00,2025-01-25T20:47:40-08:00,0,43
global.js,77,js,8e167ef2,NGLYRY,2025-01-25,20:47:40,-08:00,2025-01-25T20:47:40-08:00,0,25
global.js,78,js,8e167ef2,NGLYRY,2025-01-25,20:47:40,-08:00,2025-01-25T20:47:40-08:00,0,69
global.js,79,js,07d8ae36,NGLYRY,2025-01-30,21:48:04,-08:00,2025-01-30T21:48:04-08:00,0,0
global.js,80,js,07d8ae36,NGLYRY,2025-01-30,21:48:04,-08:00,2025-01-30T21:48:04-08:00,0,0
global.js,81,js,07d8ae36,NGLYRY,2025-01-30,21:48:04,-08:00,2025-01-30T21:48:04-08:00,0,37
global.js,82,js,07d8ae36,NGLYRY,2025-01-30,21:48:04,-08:00,2025-01-30T21:48:04-08:00,0,4
global.js,83,js,07d8ae36,NGLYRY,2025-01-30,21:48:04,-08:00,2025-01-30T21:48:04-08:00,0,40
global.js,84,js,07d8ae36,NGLYRY,2025-01-30,21:48:04,-08:00,2025-01-30T21:48:04-08:00,0,33
global.js,85,js,07d8ae36,NGLYRY,2025-01-30,21:48:04,-08:00,2025-01-30T21:48:04-08:00,0,0
global.js,86,js,07d8ae36,NGLYRY,2025-01-30,21:48:04,-08:00,2025-01-30T21:48:04-08:00,0,18
global.js,87,js,07d8ae36,NGLYRY,2025-01-30,21:48:04,-08:00,2025-01-30T21:48:04-08:00,0,67
global.js,88,js,07d8ae36,NGLYRY,2025-01-30,21:48:04,-08:00,2025-01-30T21:48:04-08:00,0,0
global.js,89,js,07d8ae36,NGLYRY,2025-01-30,21:48:04,-08:00,2025-01-30T21:48:04-08:00,0,0
global.js,90,js,07d8ae36,NGLYRY,2025-01-30,21:48:04,-08:00,2025-01-30T21:48:04-08:00,0,34
global.js,91,js,f62a35a6,NGLYRY,2025-01-30,23:39:48,-08:00,2025-01-30T23:39:48-08:00,0,30
global.js,92,js,f62a35a6,NGLYRY,2025-01-30,23:39:48,-08:00,2025-01-30T23:39:48-08:00,0,0
global.js,93,js,07d8ae36,NGLYRY,2025-01-30,21:48:04,-08:00,2025-01-30T21:48:04-08:00,0,11
global.js,94,js,07d8ae36,NGLYRY,2025-01-30,21:48:04,-08:00,2025-01-30T21:48:04-08:00,0,0
global.js,95,js,07d8ae36,NGLYRY,2025-01-30,21:48:04,-08:00,2025-01-30T21:48:04-08:00,0,0
global.js,96,js,07d8ae36,NGLYRY,2025-01-30,21:48:04,-08:00,2025-01-30T21:48:04-08:00,0,16
global.js,97,js,07d8ae36,NGLYRY,2025-01-30,21:48:04,-08:00,2025-01-30T21:48:04-08:00,0,60
global.js,98,js,07d8ae36,NGLYRY,2025-01-30,21:48:04,-08:00,2025-01-30T21:48:04-08:00,0,0
global.js,99,js,07d8ae36,NGLYRY,2025-01-30,21:48:04,-08:00,2025-01-30T21:48:04-08:00,0,0
global.js,100,js,f62a35a6,NGLYRY,2025-01-30,23:39:48,-08:00,2025-01-30T23:39:48-08:00,0,0
global.js,101,js,f62a35a6,NGLYRY,2025-01-30,23:39:48,-08:00,2025-01-30T23:39:48-08:00,0,28
global.js,102,js,f62a35a6,NGLYRY,2025-01-30,23:39:48,-08:00,2025-01-30T23:39:48-08:00,0,0
global.js,103,js,f62a35a6,NGLYRY,2025-01-30,23:39:48,-08:00,2025-01-30T23:39:48-08:00,0,80
global.js,104,js,f62a35a6,NGLYRY,2025-01-30,23:39:48,-08:00,2025-01-30T23:39:48-08:00,0,29
global.js,105,js,f62a35a6,NGLYRY,2025-01-30,23:39:48,-08:00,2025-01-30T23:39:48-08:00,0,23
global.js,106,js,f62a35a6,NGLYRY,2025-01-30,23:39:48,-08:00,2025-01-30T23:39:48-08:00,0,69
global.js,107,js,f62a35a6,NGLYRY,2025-01-30,23:39:48,-08:00,2025-01-30T23:39:48-08:00,0,6
global.js,108,js,f62a35a6,NGLYRY,2025-01-30,23:39:48,-08:00,2025-01-30T23:39:48-08:00,0,0
global.js,109,js,f62a35a6,NGLYRY,2025-01-30,23:39:48,-08:00,2025-01-30T23:39:48-08:00,0,0
global.js,110,js,f62a35a6,NGLYRY,2025-01-30,23:39:48,-08:00,2025-01-30T23:39:48-08:00,0,51
global.js,111,js,f62a35a6,NGLYRY,2025-01-30,23:39:48,-08:00,2025-01-30T23:39:48-08:00,0,31
global.js,112,js,f62a35a6,NGLYRY,2025-01-30,23:39:48,-08:00,2025-01-30T23:39:48-08:00,0,0
global.js,113,js,f62a35a6,NGLYRY,2025-01-30,23:39:48,-08:00,2025-01-30T23:39:48-08:00,0,40
global.js,114,js,f62a35a6,NGLYRY,2025-01-30,23:39:48,-08:00,2025-01-30T23:39:48-08:00,0,28
global.js,115,js,f62a35a6,NGLYRY,2025-01-30,23:39:48,-08:00,2025-01-30T23:39:48-08:00,0,46
global.js,116,js,f62a35a6,NGLYRY,2025-01-30,23:39:48,-08:00,2025-01-30T23:39:48-08:00,0,49
global.js,117,js,f62a35a6,NGLYRY,2025-01-30,23:39:48,-08:00,2025-01-30T23:39:48-08:00,0,0
global.js,118,js,f62a35a6,NGLYRY,2025-01-30,23:39:48,-08:00,2025-01-30T23:39:48-08:00,0,46
global.js,119,js,f62a35a6,NGLYRY,2025-01-30,23:39:48,-08:00,2025-01-30T23:39:48-08:00,0,49
global.js,120,js,f62a35a6,NGLYRY,2025-01-30,23:39:48,-08:00,2025-01-30T23:39:48-08:00,0,60
global.js,121,js,f62a35a6,NGLYRY,2025-01-30,23:39:48,-08:00,2025-01-30T23:39:48-08:00,0,70
global.js,122,js,7e722c61,NGLYRY,2025-02-07,23:14:59,-08:00,2025-02-07T23:14:59-08:00,0,38
global.js,123,js,f62a35a6,NGLYRY,2025-01-30,23:39:48,-08:00,2025-01-30T23:39:48-08:00,0,0
global.js,124,js,f62a35a6,NGLYRY,2025-01-30,23:39:48,-08:00,2025-01-30T23:39:48-08:00,0,57
global.js,125,js,f62a35a6,NGLYRY,2025-01-30,23:39:48,-08:00,2025-01-30T23:39:48-08:00,0,20
global.js,126,js,f62a35a6,NGLYRY,2025-01-30,23:39:48,-08:00,2025-01-30T23:39:48-08:00,0,42
global.js,127,js,f62a35a6,NGLYRY,2025-01-30,23:39:48,-08:00,2025-01-30T23:39:48-08:00,0,34
global.js,128,js,7e722c61,NGLYRY,2025-02-07,23:14:59,-08:00,2025-02-07T23:14:59-08:00,0,25
global.js,129,js,7e722c61,NGLYRY,2025-02-07,23:14:59,-08:00,2025-02-07T23:14:59-08:00,0,20
global.js,130,js,7e722c61,NGLYRY,2025-02-07,23:14:59,-08:00,2025-02-07T23:14:59-08:00,0,37
global.js,131,js,7e722c61,NGLYRY,2025-02-07,23:14:59,-08:00,2025-02-07T23:14:59-08:00,0,5
global.js,132,js,f62a35a6,NGLYRY,2025-01-30,23:39:48,-08:00,2025-01-30T23:39:48-08:00,0,1
global.js,133,js,f62a35a6,NGLYRY,2025-01-30,23:39:48,-08:00,2025-01-30T23:39:48-08:00,0,0
global.js,134,js,f62a35a6,NGLYRY,2025-01-30,23:39:48,-08:00,2025-01-30T23:39:48-08:00,0,37
global.js,135,js,f62a35a6,NGLYRY,2025-01-30,23:39:48,-08:00,2025-01-30T23:39:48-08:00,0,37
global.js,136,js,f62a35a6,NGLYRY,2025-01-30,23:39:48,-08:00,2025-01-30T23:39:48-08:00,0,2
global.js,137,js,f62a35a6,NGLYRY,2025-01-30,23:39:48,-08:00,2025-01-30T23:39:48-08:00,0,0
global.js,138,js,1590c054,NGLYRY,2025-01-31,15:54:13,-08:00,2025-01-31T15:54:13-08:00,0,0
global.js,139,js,1590c054,NGLYRY,2025-01-31,15:54:13,-08:00,2025-01-31T15:54:13-08:00,0,48
global.js,140,js,1590c054,NGLYRY,2025-01-31,15:54:13,-08:00,2025-01-31T15:54:13-08:00,0,60
global.js,141,js,479bf20a,NGLYRY,2025-02-08,03:58:49,-08:00,2025-02-08T03:58:49-08:00,0,0
global.js,142,js,479bf20a,NGLYRY,2025-02-08,03:58:49,-08:00,2025-02-08T03:58:49-08:00,0,0
Resume\index.html,1,html,84baed5c,NGLYRY,2025-01-10,17:52:07,-08:00,2025-01-10T17:52:07-08:00,0,14
Resume\index.html,2,html,dd57adaa,NGLYRY,2025-01-25,16:39:36,-08:00,2025-01-25T16:39:36-08:00,0,28
Resume\index.html,3,html,84baed5c,NGLYRY,2025-01-10,17:52:07,-08:00,2025-01-10T17:52:07-08:00,0,5
Resume\index.html,4,html,84baed5c,NGLYRY,2025-01-10,17:52:07,-08:00,2025-01-10T17:52:07-08:00,0,21
Resume\index.html,5,html,84baed5c,NGLYRY,2025-01-10,17:52:07,-08:00,2025-01-10T17:52:07-08:00,0,69
Resume\index.html,6,html,84baed5c,NGLYRY,2025-01-10,17:52:07,-08:00,2025-01-10T17:52:07-08:00,0,20
Resume\index.html,7,html,65a26aaa,NGLYRY,2025-01-25,15:49:51,-08:00,2025-01-25T15:49:51-08:00,0,42
Resume\index.html,8,html,84baed5c,NGLYRY,2025-01-10,17:52:07,-08:00,2025-01-10T17:52:07-08:00,0,6
Resume\index.html,9,html,84baed5c,NGLYRY,2025-01-10,17:52:07,-08:00,2025-01-10T17:52:07-08:00,0,5
Resume\index.html,10,html,4b30b6ed,NGLYRY,2025-01-17,22:16:16,-08:00,2025-01-17T22:16:16-08:00,0,23
Resume\index.html,11,html,84baed5c,NGLYRY,2025-01-10,17:52:07,-08:00,2025-01-10T17:52:07-08:00,0,0
Resume\index.html,12,html,84baed5c,NGLYRY,2025-01-10,17:52:07,-08:00,2025-01-10T17:52:07-08:00,0,7
Resume\index.html,13,html,84baed5c,NGLYRY,2025-01-10,17:52:07,-08:00,2025-01-10T17:52:07-08:00,0,15
Resume\index.html,14,html,84baed5c,NGLYRY,2025-01-10,17:52:07,-08:00,2025-01-10T17:52:07-08:00,0,21
Resume\index.html,15,html,84baed5c,NGLYRY,2025-01-10,17:52:07,-08:00,2025-01-10T17:52:07-08:00,0,13
Resume\index.html,16,html,84baed5c,NGLYRY,2025-01-10,17:52:07,-08:00,2025-01-10T17:52:07-08:00,0,80
Resume\index.html,17,html,84baed5c,NGLYRY,2025-01-10,17:52:07,-08:00,2025-01-10T17:52:07-08:00,0,8
Resume\index.html,18,html,84baed5c,NGLYRY,2025-01-10,17:52:07,-08:00,2025-01-10T17:52:07-08:00,0,0
Resume\index.html,19,html,84baed5c,NGLYRY,2025-01-10,17:52:07,-08:00,2025-01-10T17:52:07-08:00,0,5
Resume\index.html,20,html,84baed5c,NGLYRY,2025-01-10,17:52:07,-08:00,2025-01-10T17:52:07-08:00,0,21
Resume\index.html,21,html,84baed5c,NGLYRY,2025-01-10,17:52:07,-08:00,2025-01-10T17:52:07-08:00,0,19
Resume\index.html,22,html,84baed5c,NGLYRY,2025-01-10,17:52:07,-08:00,2025-01-10T17:52:07-08:00,0,16
Resume\index.html,23,html,84baed5c,NGLYRY,2025-01-10,17:52:07,-08:00,2025-01-10T17:52:07-08:00,0,44
Resume\index.html,24,html,84baed5c,NGLYRY,2025-01-10,17:52:07,-08:00,2025-01-10T17:52:07-08:00,0,9
Resume\index.html,25,html,84baed5c,NGLYRY,2025-01-10,17:52:07,-08:00,2025-01-10T17:52:07-08:00,0,0
Resume\index.html,26,html,84baed5c,NGLYRY,2025-01-10,17:52:07,-08:00,2025-01-10T17:52:07-08:00,0,26
Resume\index.html,27,html,84baed5c,NGLYRY,2025-01-10,17:52:07,-08:00,2025-01-10T17:52:07-08:00,0,24
Resume\index.html,28,html,84baed5c,NGLYRY,2025-01-10,17:52:07,-08:00,2025-01-10T17:52:07-08:00,0,18
Resume\index.html,29,html,7bd8ad49,NGLYRY,2025-01-11,19:57:03,-08:00,2025-01-11T19:57:03-08:00,0,34
Resume\index.html,30,html,84baed5c,NGLYRY,2025-01-10,17:52:07,-08:00,2025-01-10T17:52:07-08:00,0,9
Resume\index.html,31,html,84baed5c,NGLYRY,2025-01-10,17:52:07,-08:00,2025-01-10T17:52:07-08:00,0,0
Resume\index.html,32,html,84baed5c,NGLYRY,2025-01-10,17:52:07,-08:00,2025-01-10T17:52:07-08:00,0,25
Resume\index.html,33,html,84baed5c,NGLYRY,2025-01-10,17:52:07,-08:00,2025-01-10T17:52:07-08:00,0,23
Resume\index.html,34,html,84baed5c,NGLYRY,2025-01-10,17:52:07,-08:00,2025-01-10T17:52:07-08:00,0,17
Resume\index.html,35,html,84baed5c,NGLYRY,2025-01-10,17:52:07,-08:00,2025-01-10T17:52:07-08:00,0,8
Resume\index.html,36,html,84baed5c,NGLYRY,2025-01-10,17:52:07,-08:00,2025-01-10T17:52:07-08:00,0,43
Resume\index.html,37,html,84baed5c,NGLYRY,2025-01-10,17:52:07,-08:00,2025-01-10T17:52:07-08:00,0,142
Resume\index.html,38,html,84baed5c,NGLYRY,2025-01-10,17:52:07,-08:00,2025-01-10T17:52:07-08:00,0,18
Resume\index.html,39,html,84baed5c,NGLYRY,2025-01-10,17:52:07,-08:00,2025-01-10T17:52:07-08:00,0,9
Resume\index.html,40,html,84baed5c,NGLYRY,2025-01-10,17:52:07,-08:00,2025-01-10T17:52:07-08:00,0,9
Resume\index.html,41,html,84baed5c,NGLYRY,2025-01-10,17:52:07,-08:00,2025-01-10T17:52:07-08:00,0,0
Resume\index.html,42,html,84baed5c,NGLYRY,2025-01-10,17:52:07,-08:00,2025-01-10T17:52:07-08:00,0,22
Resume\index.html,43,html,84baed5c,NGLYRY,2025-01-10,17:52:07,-08:00,2025-01-10T17:52:07-08:00,0,20
Resume\index.html,44,html,84baed5c,NGLYRY,2025-01-10,17:52:07,-08:00,2025-01-10T17:52:07-08:00,0,14
Resume\index.html,45,html,84baed5c,NGLYRY,2025-01-10,17:52:07,-08:00,2025-01-10T17:52:07-08:00,0,3
Resume\index.html,46,html,84baed5c,NGLYRY,2025-01-10,17:52:07,-08:00,2025-01-10T17:52:07-08:00,0,66
Resume\index.html,47,html,84baed5c,NGLYRY,2025-01-10,17:52:07,-08:00,2025-01-10T17:52:07-08:00,0,34
Resume\index.html,48,html,84baed5c,NGLYRY,2025-01-10,17:52:07,-08:00,2025-01-10T17:52:07-08:00,0,4
Resume\index.html,49,html,84baed5c,NGLYRY,2025-01-10,17:52:07,-08:00,2025-01-10T17:52:07-08:00,0,9
Resume\index.html,50,html,84baed5c,NGLYRY,2025-01-10,17:52:07,-08:00,2025-01-10T17:52:07-08:00,0,0
Resume\index.html,51,html,dd57adaa,NGLYRY,2025-01-25,16:39:36,-08:00,2025-01-25T16:39:36-08:00,0,49
Resume\index.html,52,html,84baed5c,NGLYRY,2025-01-10,17:52:07,-08:00,2025-01-10T17:52:07-08:00,0,0
Resume\index.html,53,html,84baed5c,NGLYRY,2025-01-10,17:52:07,-08:00,2025-01-10T17:52:07-08:00,0,0
Resume\index.html,54,html,84baed5c,NGLYRY,2025-01-10,17:52:07,-08:00,2025-01-10T17:52:07-08:00,0,6
Resume\index.html,55,html,84baed5c,NGLYRY,2025-01-10,17:52:07,-08:00,2025-01-10T17:52:07-08:00,0,6
projects\projects.js,1,js,f62a35a6,NGLYRY,2025-01-30,23:39:48,-08:00,2025-01-30T23:39:48-08:00,0,56
projects\projects.js,2,js,7e722c61,NGLYRY,2025-02-07,23:14:59,-08:00,2025-02-07T23:14:59-08:00,0,64
projects\projects.js,3,js,f62a35a6,NGLYRY,2025-01-30,23:39:48,-08:00,2025-01-30T23:39:48-08:00,0,0
projects\projects.js,4,js,f62a35a6,NGLYRY,2025-01-30,23:39:48,-08:00,2025-01-30T23:39:48-08:00,0,56
projects\projects.js,5,js,f62a35a6,NGLYRY,2025-01-30,23:39:48,-08:00,2025-01-30T23:39:48-08:00,0,0
projects\projects.js,6,js,f62a35a6,NGLYRY,2025-01-30,23:39:48,-08:00,2025-01-30T23:39:48-08:00,0,61
projects\projects.js,7,js,f62a35a6,NGLYRY,2025-01-30,23:39:48,-08:00,2025-01-30T23:39:48-08:00,0,0
projects\projects.js,8,js,f62a35a6,NGLYRY,2025-01-30,23:39:48,-08:00,2025-01-30T23:39:48-08:00,0,62
projects\projects.js,9,js,f62a35a6,NGLYRY,2025-01-30,23:39:48,-08:00,2025-01-30T23:39:48-08:00,0,0
projects\projects.js,10,js,f62a35a6,NGLYRY,2025-01-30,23:39:48,-08:00,2025-01-30T23:39:48-08:00,0,59
projects\projects.js,11,js,f62a35a6,NGLYRY,2025-01-30,23:39:48,-08:00,2025-01-30T23:39:48-08:00,0,0
projects\projects.js,12,js,f62a35a6,NGLYRY,2025-01-30,23:39:48,-08:00,2025-01-30T23:39:48-08:00,0,49
projects\projects.js,13,js,7e722c61,NGLYRY,2025-02-07,23:14:59,-08:00,2025-02-07T23:14:59-08:00,0,0
projects\projects.js,14,js,7e722c61,NGLYRY,2025-02-07,23:14:59,-08:00,2025-02-07T23:14:59-08:00,0,14
projects\projects.js,15,js,5358ad4b,NGLYRY,2025-02-08,21:49:28,-08:00,2025-02-08T21:49:28-08:00,0,20
projects\projects.js,16,js,7e722c61,NGLYRY,2025-02-07,23:14:59,-08:00,2025-02-07T23:14:59-08:00,0,54
projects\projects.js,17,js,5358ad4b,NGLYRY,2025-02-08,21:49:28,-08:00,2025-02-08T21:49:28-08:00,0,22
projects\projects.js,18,js,7e722c61,NGLYRY,2025-02-07,23:14:59,-08:00,2025-02-07T23:14:59-08:00,0,0
projects\projects.js,19,js,7e722c61,NGLYRY,2025-02-07,23:14:59,-08:00,2025-02-07T23:14:59-08:00,0,0
projects\projects.js,20,js,5358ad4b,NGLYRY,2025-02-08,21:49:28,-08:00,2025-02-08T21:49:28-08:00,0,26
projects\projects.js,21,js,5358ad4b,NGLYRY,2025-02-08,21:49:28,-08:00,2025-02-08T21:49:28-08:00,0,43
projects\projects.js,22,js,5358ad4b,NGLYRY,2025-02-08,21:49:28,-08:00,2025-02-08T21:49:28-08:00,0,52
projects\projects.js,23,js,5358ad4b,NGLYRY,2025-02-08,21:49:28,-08:00,2025-02-08T21:49:28-08:00,0,60
projects\projects.js,24,js,5358ad4b,NGLYRY,2025-02-08,21:49:28,-08:00,2025-02-08T21:49:28-08:00,0,43
projects\projects.js,25,js,5358ad4b,NGLYRY,2025-02-08,21:49:28,-08:00,2025-02-08T21:49:28-08:00,0,2
projects\projects.js,26,js,5358ad4b,NGLYRY,2025-02-08,21:49:28,-08:00,2025-02-08T21:49:28-08:00,0,0
projects\projects.js,27,js,5358ad4b,NGLYRY,2025-02-08,21:49:28,-08:00,2025-02-08T21:49:28-08:00,0,83
projects\projects.js,28,js,5358ad4b,NGLYRY,2025-02-08,21:49:28,-08:00,2025-02-08T21:49:28-08:00,0,56
projects\projects.js,29,js,5358ad4b,NGLYRY,2025-02-08,21:49:28,-08:00,2025-02-08T21:49:28-08:00,0,51
projects\projects.js,30,js,5358ad4b,NGLYRY,2025-02-08,21:49:28,-08:00,2025-02-08T21:49:28-08:00,0,86
projects\projects.js,31,js,5358ad4b,NGLYRY,2025-02-08,21:49:28,-08:00,2025-02-08T21:49:28-08:00,0,0
projects\projects.js,32,js,5358ad4b,NGLYRY,2025-02-08,21:49:28,-08:00,2025-02-08T21:49:28-08:00,0,0
projects\projects.js,33,js,5358ad4b,NGLYRY,2025-02-08,21:49:28,-08:00,2025-02-08T21:49:28-08:00,0,30
projects\projects.js,34,js,5358ad4b,NGLYRY,2025-02-08,21:49:28,-08:00,2025-02-08T21:49:28-08:00,0,57
projects\projects.js,35,js,5358ad4b,NGLYRY,2025-02-08,21:49:28,-08:00,2025-02-08T21:49:28-08:00,0,0
projects\projects.js,36,js,7e722c61,NGLYRY,2025-02-07,23:14:59,-08:00,2025-02-07T23:14:59-08:00,0,0
projects\projects.js,37,js,7e722c61,NGLYRY,2025-02-07,23:14:59,-08:00,2025-02-07T23:14:59-08:00,0,41
projects\projects.js,38,js,7e722c61,NGLYRY,2025-02-07,23:14:59,-08:00,2025-02-07T23:14:59-08:00,0,39
projects\projects.js,39,js,5358ad4b,NGLYRY,2025-02-08,21:49:28,-08:00,2025-02-08T21:49:28-08:00,0,26
projects\projects.js,40,js,5358ad4b,NGLYRY,2025-02-08,21:49:28,-08:00,2025-02-08T21:49:28-08:00,0,30
projects\projects.js,41,js,5358ad4b,NGLYRY,2025-02-08,21:49:28,-08:00,2025-02-08T21:49:28-08:00,0,13
projects\projects.js,42,js,5358ad4b,NGLYRY,2025-02-08,21:49:28,-08:00,2025-02-08T21:49:28-08:00,0,15
projects\projects.js,43,js,5358ad4b,NGLYRY,2025-02-08,21:49:28,-08:00,2025-02-08T21:49:28-08:00,0,13
projects\projects.js,44,js,5358ad4b,NGLYRY,2025-02-08,21:49:28,-08:00,2025-02-08T21:49:28-08:00,0,1
projects\projects.js,45,js,5358ad4b,NGLYRY,2025-02-08,21:49:28,-08:00,2025-02-08T21:49:28-08:00,0,19
projects\projects.js,46,js,5358ad4b,NGLYRY,2025-02-08,21:49:28,-08:00,2025-02-08T21:49:28-08:00,0,51
projects\projects.js,47,js,5358ad4b,NGLYRY,2025-02-08,21:49:28,-08:00,2025-02-08T21:49:28-08:00,0,36
projects\projects.js,48,js,5358ad4b,NGLYRY,2025-02-08,21:49:28,-08:00,2025-02-08T21:49:28-08:00,0,2
projects\projects.js,49,js,5358ad4b,NGLYRY,2025-02-08,21:49:28,-08:00,2025-02-08T21:49:28-08:00,0,0
projects\projects.js,50,js,5358ad4b,NGLYRY,2025-02-08,21:49:28,-08:00,2025-02-08T21:49:28-08:00,0,41
projects\projects.js,51,js,5358ad4b,NGLYRY,2025-02-08,21:49:28,-08:00,2025-02-08T21:49:28-08:00,0,21
projects\projects.js,52,js,5358ad4b,NGLYRY,2025-02-08,21:49:28,-08:00,2025-02-08T21:49:28-08:00,0,0
projects\projects.js,53,js,5358ad4b,NGLYRY,2025-02-08,21:49:28,-08:00,2025-02-08T21:49:28-08:00,0,46
projects\projects.js,54,js,5358ad4b,NGLYRY,2025-02-08,21:49:28,-08:00,2025-02-08T21:49:28-08:00,0,62
projects\projects.js,55,js,5358ad4b,NGLYRY,2025-02-08,21:49:28,-08:00,2025-02-08T21:49:28-08:00,0,54
projects\projects.js,56,js,5358ad4b,NGLYRY,2025-02-08,21:49:28,-08:00,2025-02-08T21:49:28-08:00,0,43
projects\projects.js,57,js,5358ad4b,NGLYRY,2025-02-08,21:49:28,-08:00,2025-02-08T21:49:28-08:00,0,55
projects\projects.js,58,js,5358ad4b,NGLYRY,2025-02-08,21:49:28,-08:00,2025-02-08T21:49:28-08:00,0,48
projects\projects.js,59,js,5358ad4b,NGLYRY,2025-02-08,21:49:28,-08:00,2025-02-08T21:49:28-08:00,0,0
projects\projects.js,60,js,5358ad4b,NGLYRY,2025-02-08,21:49:28,-08:00,2025-02-08T21:49:28-08:00,0,37
projects\projects.js,61,js,5358ad4b,NGLYRY,2025-02-08,21:49:28,-08:00,2025-02-08T21:49:28-08:00,0,43
projects\projects.js,62,js,5358ad4b,NGLYRY,2025-02-08,21:49:28,-08:00,2025-02-08T21:49:28-08:00,0,36
projects\projects.js,63,js,5358ad4b,NGLYRY,2025-02-08,21:49:28,-08:00,2025-02-08T21:49:28-08:00,0,34
projects\projects.js,64,js,5358ad4b,NGLYRY,2025-02-08,21:49:28,-08:00,2025-02-08T21:49:28-08:00,0,0
projects\projects.js,65,js,5358ad4b,NGLYRY,2025-02-08,21:49:28,-08:00,2025-02-08T21:49:28-08:00,0,26
projects\projects.js,66,js,5358ad4b,NGLYRY,2025-02-08,21:49:28,-08:00,2025-02-08T21:49:28-08:00,0,26
projects\projects.js,67,js,5358ad4b,NGLYRY,2025-02-08,21:49:28,-08:00,2025-02-08T21:49:28-08:00,0,28
projects\projects.js,68,js,5358ad4b,NGLYRY,2025-02-08,21:49:28,-08:00,2025-02-08T21:49:28-08:00,0,2
projects\projects.js,69,js,5358ad4b,NGLYRY,2025-02-08,21:49:28,-08:00,2025-02-08T21:49:28-08:00,0,14
projects\projects.js,70,js,5358ad4b,NGLYRY,2025-02-08,21:49:28,-08:00,2025-02-08T21:49:28-08:00,0,14
projects\projects.js,71,js,5358ad4b,NGLYRY,2025-02-08,21:49:28,-08:00,2025-02-08T21:49:28-08:00,0,23
projects\projects.js,72,js,5358ad4b,NGLYRY,2025-02-08,21:49:28,-08:00,2025-02-08T21:49:28-08:00,0,39
projects\projects.js,73,js,5358ad4b,NGLYRY,2025-02-08,21:49:28,-08:00,2025-02-08T21:49:28-08:00,0,19
projects\projects.js,74,js,5358ad4b,NGLYRY,2025-02-08,21:49:28,-08:00,2025-02-08T21:49:28-08:00,0,93
projects\projects.js,75,js,5358ad4b,NGLYRY,2025-02-08,21:49:28,-08:00,2025-02-08T21:49:28-08:00,0,44
projects\projects.js,76,js,5358ad4b,NGLYRY,2025-02-08,21:49:28,-08:00,2025-02-08T21:49:28-08:00,0,0
projects\projects.js,77,js,5358ad4b,NGLYRY,2025-02-08,21:49:28,-08:00,2025-02-08T21:49:28-08:00,0,30
projects\projects.js,78,js,5358ad4b,NGLYRY,2025-02-08,21:49:28,-08:00,2025-02-08T21:49:28-08:00,0,20
projects\projects.js,79,js,5358ad4b,NGLYRY,2025-02-08,21:49:28,-08:00,2025-02-08T21:49:28-08:00,0,80
projects\projects.js,80,js,5358ad4b,NGLYRY,2025-02-08,21:49:28,-08:00,2025-02-08T21:49:28-08:00,0,0
projects\projects.js,81,js,5358ad4b,NGLYRY,2025-02-08,21:49:28,-08:00,2025-02-08T21:49:28-08:00,0,36
projects\projects.js,82,js,5358ad4b,NGLYRY,2025-02-08,21:49:28,-08:00,2025-02-08T21:49:28-08:00,0,24
projects\projects.js,83,js,5358ad4b,NGLYRY,2025-02-08,21:49:28,-08:00,2025-02-08T21:49:28-08:00,0,69
projects\projects.js,84,js,5358ad4b,NGLYRY,2025-02-08,21:49:28,-08:00,2025-02-08T21:49:28-08:00,0,0
projects\projects.js,85,js,5358ad4b,NGLYRY,2025-02-08,21:49:28,-08:00,2025-02-08T21:49:28-08:00,0,73
projects\projects.js,86,js,5358ad4b,NGLYRY,2025-02-08,21:49:28,-08:00,2025-02-08T21:49:28-08:00,0,16
projects\projects.js,87,js,5358ad4b,NGLYRY,2025-02-08,21:49:28,-08:00,2025-02-08T21:49:28-08:00,0,2
projects\projects.js,88,js,5358ad4b,NGLYRY,2025-02-08,21:49:28,-08:00,2025-02-08T21:49:28-08:00,0,2
projects\projects.js,89,js,5358ad4b,NGLYRY,2025-02-08,21:49:28,-08:00,2025-02-08T21:49:28-08:00,0,0
projects\projects.js,90,js,5358ad4b,NGLYRY,2025-02-08,21:49:28,-08:00,2025-02-08T21:49:28-08:00,0,23
projects\projects.js,91,js,5358ad4b,NGLYRY,2025-02-08,21:49:28,-08:00,2025-02-08T21:49:28-08:00,0,28
projects\projects.js,92,js,5358ad4b,NGLYRY,2025-02-08,21:49:28,-08:00,2025-02-08T21:49:28-08:00,0,21
projects\projects.js,93,js,5358ad4b,NGLYRY,2025-02-08,21:49:28,-08:00,2025-02-08T21:49:28-08:00,0,39
projects\projects.js,94,js,5358ad4b,NGLYRY,2025-02-08,21:49:28,-08:00,2025-02-08T21:49:28-08:00,0,22
projects\projects.js,95,js,5358ad4b,NGLYRY,2025-02-08,21:49:28,-08:00,2025-02-08T21:49:28-08:00,0,70
projects\projects.js,96,js,5358ad4b,NGLYRY,2025-02-08,21:49:28,-08:00,2025-02-08T21:49:28-08:00,0,2
projects\projects.js,97,js,5358ad4b,NGLYRY,2025-02-08,21:49:28,-08:00,2025-02-08T21:49:28-08:00,0,0
projects\projects.js,98,js,7e722c61,NGLYRY,2025-02-07,23:14:59,-08:00,2025-02-07T23:14:59-08:00,0,0
projects\projects.js,99,js,479bf20a,NGLYRY,2025-02-08,03:58:49,-08:00,2025-02-08T03:58:49-08:00,0,0
projects\projects.js,100,js,7e722c61,NGLYRY,2025-02-07,23:14:59,-08:00,2025-02-07T23:14:59-08:00,0,33
projects\projects.js,101,js,7e722c61,NGLYRY,2025-02-07,23:14:59,-08:00,2025-02-07T23:14:59-08:00,0,24
projects\projects.js,102,js,7e722c61,NGLYRY,2025-02-07,23:14:59,-08:00,2025-02-07T23:14:59-08:00,0,0
projects\projects.js,103,js,7e722c61,NGLYRY,2025-02-07,23:14:59,-08:00,2025-02-07T23:14:59-08:00,0,0
projects\projects.js,104,js,7e722c61,NGLYRY,2025-02-07,23:14:59,-08:00,2025-02-07T23:14:59-08:00,0,50
projects\projects.js,105,js,7e722c61,NGLYRY,2025-02-07,23:14:59,-08:00,2025-02-07T23:14:59-08:00,0,26
projects\projects.js,106,js,7e722c61,NGLYRY,2025-02-07,23:14:59,-08:00,2025-02-07T23:14:59-08:00,0,52
projects\projects.js,107,js,7e722c61,NGLYRY,2025-02-07,23:14:59,-08:00,2025-02-07T23:14:59-08:00,0,60
projects\projects.js,108,js,7e722c61,NGLYRY,2025-02-07,23:14:59,-08:00,2025-02-07T23:14:59-08:00,0,43
projects\projects.js,109,js,7e722c61,NGLYRY,2025-02-07,23:14:59,-08:00,2025-02-07T23:14:59-08:00,0,2
projects\projects.js,110,js,7e722c61,NGLYRY,2025-02-07,23:14:59,-08:00,2025-02-07T23:14:59-08:00,0,53
projects\projects.js,111,js,7e722c61,NGLYRY,2025-02-07,23:14:59,-08:00,2025-02-07T23:14:59-08:00,0,57
projects\projects.js,112,js,7e722c61,NGLYRY,2025-02-07,23:14:59,-08:00,2025-02-07T23:14:59-08:00,0,32
projects\projects.js,113,js,5358ad4b,NGLYRY,2025-02-08,21:49:28,-08:00,2025-02-08T21:49:28-08:00,0,2
projects\index.html,1,html,3bc967a5,NGLYRY,2025-01-10,13:16:04,-08:00,2025-01-10T13:16:04-08:00,0,14
projects\index.html,2,html,dd57adaa,NGLYRY,2025-01-25,16:39:36,-08:00,2025-01-25T16:39:36-08:00,0,28
projects\index.html,3,html,3bc967a5,NGLYRY,2025-01-10,13:16:04,-08:00,2025-01-10T13:16:04-08:00,0,5
projects\index.html,4,html,3bc967a5,NGLYRY,2025-01-10,13:16:04,-08:00,2025-01-10T13:16:04-08:00,0,21
projects\index.html,5,html,3bc967a5,NGLYRY,2025-01-10,13:16:04,-08:00,2025-01-10T13:16:04-08:00,0,69
projects\index.html,6,html,3bc967a5,NGLYRY,2025-01-10,13:16:04,-08:00,2025-01-10T13:16:04-08:00,0,31
projects\index.html,7,html,65a26aaa,NGLYRY,2025-01-25,15:49:51,-08:00,2025-01-25T15:49:51-08:00,0,42
projects\index.html,8,html,f62a35a6,NGLYRY,2025-01-30,23:39:48,-08:00,2025-01-30T23:39:48-08:00,0,49
projects\index.html,9,html,f62a35a6,NGLYRY,2025-01-30,23:39:48,-08:00,2025-01-30T23:39:48-08:00,0,49
projects\index.html,10,html,f62a35a6,NGLYRY,2025-01-30,23:39:48,-08:00,2025-01-30T23:39:48-08:00,0,48
projects\index.html,11,html,7e722c61,NGLYRY,2025-02-07,23:14:59,-08:00,2025-02-07T23:14:59-08:00,0,52
projects\index.html,12,html,3bc967a5,NGLYRY,2025-01-10,13:16:04,-08:00,2025-01-10T13:16:04-08:00,0,6
projects\index.html,13,html,5358ad4b,NGLYRY,2025-02-08,21:49:28,-08:00,2025-02-08T21:49:28-08:00,0,43
projects\index.html,14,html,7e722c61,NGLYRY,2025-02-07,23:14:59,-08:00,2025-02-07T23:14:59-08:00,0,22
projects\index.html,15,html,7e722c61,NGLYRY,2025-02-07,23:14:59,-08:00,2025-02-07T23:14:59-08:00,0,59
projects\index.html,16,html,7e722c61,NGLYRY,2025-02-07,23:14:59,-08:00,2025-02-07T23:14:59-08:00,0,23
projects\index.html,17,html,7e722c61,NGLYRY,2025-02-07,23:14:59,-08:00,2025-02-07T23:14:59-08:00,0,5
projects\index.html,18,html,671aff62,NGLYRY,2025-01-10,14:15:16,-08:00,2025-01-10T14:15:16-08:00,0,0
projects\index.html,19,html,7e722c61,NGLYRY,2025-02-07,23:14:59,-08:00,2025-02-07T23:14:59-08:00,0,5
projects\index.html,20,html,7e722c61,NGLYRY,2025-02-07,23:14:59,-08:00,2025-02-07T23:14:59-08:00,0,16
projects\index.html,21,html,7e722c61,NGLYRY,2025-02-07,23:14:59,-08:00,2025-02-07T23:14:59-08:00,0,12
projects\index.html,22,html,7e722c61,NGLYRY,2025-02-07,23:14:59,-08:00,2025-02-07T23:14:59-08:00,0,27
projects\index.html,23,html,7e722c61,NGLYRY,2025-02-07,23:14:59,-08:00,2025-02-07T23:14:59-08:00,0,32
projects\index.html,24,html,7e722c61,NGLYRY,2025-02-07,23:14:59,-08:00,2025-02-07T23:14:59-08:00,0,1
projects\index.html,25,html,dd57adaa,NGLYRY,2025-01-25,16:39:36,-08:00,2025-01-25T16:39:36-08:00,0,0
projects\index.html,26,html,7e722c61,NGLYRY,2025-02-07,23:14:59,-08:00,2025-02-07T23:14:59-08:00,0,5
projects\index.html,27,html,65a26aaa,NGLYRY,2025-01-25,15:49:51,-08:00,2025-01-25T15:49:51-08:00,0,0
projects\index.html,28,html,db02b296,NGLYRY,2025-01-17,21:42:25,-08:00,2025-01-17T21:42:25-08:00,0,21
projects\index.html,29,html,441edf64,NGLYRY,2025-02-12,00:32:15,-08:00,2025-02-12T00:32:15-08:00,0,50
projects\index.html,30,html,db02b296,NGLYRY,2025-01-17,21:42:25,-08:00,2025-01-17T21:42:25-08:00,0,5
projects\index.html,31,html,65a26aaa,NGLYRY,2025-01-25,15:49:51,-08:00,2025-01-25T15:49:51-08:00,0,0
projects\index.html,32,html,3bc967a5,NGLYRY,2025-01-10,13:16:04,-08:00,2025-01-10T13:16:04-08:00,0,6
projects\index.html,33,html,3bc967a5,NGLYRY,2025-01-10,13:16:04,-08:00,2025-01-10T13:16:04-08:00,0,6
misc\js\index.js,1,js,871e8f98,NGLYRY,2025-01-10,18:47:48,-08:00,2025-01-10T18:47:48-08:00,0,55
misc\js\index.js,2,js,871e8f98,NGLYRY,2025-01-10,18:47:48,-08:00,2025-01-10T18:47:48-08:00,0,50
misc\js\index.js,3,js,871e8f98,NGLYRY,2025-01-10,18:47:48,-08:00,2025-01-10T18:47:48-08:00,0,35
misc\js\index.js,4,js,871e8f98,NGLYRY,2025-01-10,18:47:48,-08:00,2025-01-10T18:47:48-08:00,0,0
misc\js\index.js,5,js,871e8f98,NGLYRY,2025-01-10,18:47:48,-08:00,2025-01-10T18:47:48-08:00,0,39
misc\js\index.js,6,js,871e8f98,NGLYRY,2025-01-10,18:47:48,-08:00,2025-01-10T18:47:48-08:00,0,38
misc\js\index.js,7,js,871e8f98,NGLYRY,2025-01-10,18:47:48,-08:00,2025-01-10T18:47:48-08:00,0,0
misc\js\index.js,8,js,871e8f98,NGLYRY,2025-01-10,18:47:48,-08:00,2025-01-10T18:47:48-08:00,0,48
misc\js\index.js,9,js,871e8f98,NGLYRY,2025-01-10,18:47:48,-08:00,2025-01-10T18:47:48-08:00,0,50
misc\js\index.js,10,js,871e8f98,NGLYRY,2025-01-10,18:47:48,-08:00,2025-01-10T18:47:48-08:00,0,0
misc\js\index.js,11,js,871e8f98,NGLYRY,2025-01-10,18:47:48,-08:00,2025-01-10T18:47:48-08:00,0,22
misc\js\index.js,12,js,871e8f98,NGLYRY,2025-01-10,18:47:48,-08:00,2025-01-10T18:47:48-08:00,0,17
misc\js\index.js,13,js,871e8f98,NGLYRY,2025-01-10,18:47:48,-08:00,2025-01-10T18:47:48-08:00,0,10
misc\js\index.js,14,js,871e8f98,NGLYRY,2025-01-10,18:47:48,-08:00,2025-01-10T18:47:48-08:00,0,10
misc\js\index.js,15,js,871e8f98,NGLYRY,2025-01-10,18:47:48,-08:00,2025-01-10T18:47:48-08:00,0,0
misc\js\index.js,16,js,871e8f98,NGLYRY,2025-01-10,18:47:48,-08:00,2025-01-10T18:47:48-08:00,0,39
misc\js\index.js,17,js,871e8f98,NGLYRY,2025-01-10,18:47:48,-08:00,2025-01-10T18:47:48-08:00,0,29
misc\js\index.js,18,js,871e8f98,NGLYRY,2025-01-10,18:47:48,-08:00,2025-01-10T18:47:48-08:00,0,48
misc\js\index.js,19,js,871e8f98,NGLYRY,2025-01-10,18:47:48,-08:00,2025-01-10T18:47:48-08:00,0,0
misc\js\index.js,20,js,871e8f98,NGLYRY,2025-01-10,18:47:48,-08:00,2025-01-10T18:47:48-08:00,0,2
misc\js\index.js,21,js,871e8f98,NGLYRY,2025-01-10,18:47:48,-08:00,2025-01-10T18:47:48-08:00,0,0
misc\js\index.js,22,js,871e8f98,NGLYRY,2025-01-10,18:47:48,-08:00,2025-01-10T18:47:48-08:00,0,40
misc\js\index.js,23,js,871e8f98,NGLYRY,2025-01-10,18:47:48,-08:00,2025-01-10T18:47:48-08:00,0,29
misc\js\index.js,24,js,871e8f98,NGLYRY,2025-01-10,18:47:48,-08:00,2025-01-10T18:47:48-08:00,0,32
misc\js\index.js,25,js,871e8f98,NGLYRY,2025-01-10,18:47:48,-08:00,2025-01-10T18:47:48-08:00,0,0
misc\js\index.js,26,js,871e8f98,NGLYRY,2025-01-10,18:47:48,-08:00,2025-01-10T18:47:48-08:00,0,0
misc\js\index.js,27,js,871e8f98,NGLYRY,2025-01-10,18:47:48,-08:00,2025-01-10T18:47:48-08:00,0,32
misc\js\index.js,28,js,871e8f98,NGLYRY,2025-01-10,18:47:48,-08:00,2025-01-10T18:47:48-08:00,0,26
misc\js\index.js,29,js,871e8f98,NGLYRY,2025-01-10,18:47:48,-08:00,2025-01-10T18:47:48-08:00,0,0
misc\js\index.js,30,js,871e8f98,NGLYRY,2025-01-10,18:47:48,-08:00,2025-01-10T18:47:48-08:00,0,0
misc\js\index.js,31,js,871e8f98,NGLYRY,2025-01-10,18:47:48,-08:00,2025-01-10T18:47:48-08:00,0,2
misc\js\index.js,32,js,871e8f98,NGLYRY,2025-01-10,18:47:48,-08:00,2025-01-10T18:47:48-08:00,0,0
misc\js\index.js,33,js,871e8f98,NGLYRY,2025-01-10,18:47:48,-08:00,2025-01-10T18:47:48-08:00,0,20
misc\js\index.js,34,js,871e8f98,NGLYRY,2025-01-10,18:47:48,-08:00,2025-01-10T18:47:48-08:00,0,16
misc\js\index.js,35,js,871e8f98,NGLYRY,2025-01-10,18:47:48,-08:00,2025-01-10T18:47:48-08:00,0,6
misc\js\index.js,36,js,871e8f98,NGLYRY,2025-01-10,18:47:48,-08:00,2025-01-10T18:47:48-08:00,0,0
misc\js\index.js,37,js,871e8f98,NGLYRY,2025-01-10,18:47:48,-08:00,2025-01-10T18:47:48-08:00,0,0
misc\js\index.js,38,js,871e8f98,NGLYRY,2025-01-10,18:47:48,-08:00,2025-01-10T18:47:48-08:00,0,25
misc\js\index.js,39,js,871e8f98,NGLYRY,2025-01-10,18:47:48,-08:00,2025-01-10T18:47:48-08:00,0,21
misc\js\index.js,40,js,871e8f98,NGLYRY,2025-01-10,18:47:48,-08:00,2025-01-10T18:47:48-08:00,0,0
misc\js\index.js,41,js,871e8f98,NGLYRY,2025-01-10,18:47:48,-08:00,2025-01-10T18:47:48-08:00,0,64
misc\js\index.js,42,js,871e8f98,NGLYRY,2025-01-10,18:47:48,-08:00,2025-01-10T18:47:48-08:00,0,12
misc\js\index.js,43,js,871e8f98,NGLYRY,2025-01-10,18:47:48,-08:00,2025-01-10T18:47:48-08:00,0,0
misc\js\index.js,44,js,871e8f98,NGLYRY,2025-01-10,18:47:48,-08:00,2025-01-10T18:47:48-08:00,0,0
misc\js\index.js,45,js,871e8f98,NGLYRY,2025-01-10,18:47:48,-08:00,2025-01-10T18:47:48-08:00,0,44
misc\js\index.js,46,js,871e8f98,NGLYRY,2025-01-10,18:47:48,-08:00,2025-01-10T18:47:48-08:00,0,17
misc\js\index.js,47,js,871e8f98,NGLYRY,2025-01-10,18:47:48,-08:00,2025-01-10T18:47:48-08:00,0,18
misc\js\index.js,48,js,871e8f98,NGLYRY,2025-01-10,18:47:48,-08:00,2025-01-10T18:47:48-08:00,0,18
misc\js\index.js,49,js,871e8f98,NGLYRY,2025-01-10,18:47:48,-08:00,2025-01-10T18:47:48-08:00,0,2
misc\js\index.js,50,js,871e8f98,NGLYRY,2025-01-10,18:47:48,-08:00,2025-01-10T18:47:48-08:00,0,0
misc\js\index.js,51,js,871e8f98,NGLYRY,2025-01-10,18:47:48,-08:00,2025-01-10T18:47:48-08:00,0,40
misc\js\index.js,52,js,871e8f98,NGLYRY,2025-01-10,18:47:48,-08:00,2025-01-10T18:47:48-08:00,0,18
misc\js\index.js,53,js,871e8f98,NGLYRY,2025-01-10,18:47:48,-08:00,2025-01-10T18:47:48-08:00,0,12
misc\js\index.js,54,js,871e8f98,NGLYRY,2025-01-10,18:47:48,-08:00,2025-01-10T18:47:48-08:00,0,15
misc\js\index.js,55,js,871e8f98,NGLYRY,2025-01-10,18:47:48,-08:00,2025-01-10T18:47:48-08:00,0,2
misc\js\index.js,56,js,871e8f98,NGLYRY,2025-01-10,18:47:48,-08:00,2025-01-10T18:47:48-08:00,0,0
misc\js\index.js,57,js,871e8f98,NGLYRY,2025-01-10,18:47:48,-08:00,2025-01-10T18:47:48-08:00,0,42
misc\js\drawing.html,1,html,de0b34a9,NGLYRY,2025-01-16,22:35:27,-08:00,2025-01-16T22:35:27-08:00,0,14
misc\js\drawing.html,2,html,de0b34a9,NGLYRY,2025-01-16,22:35:27,-08:00,2025-01-16T22:35:27-08:00,0,15
misc\js\drawing.html,3,html,de0b34a9,NGLYRY,2025-01-16,22:35:27,-08:00,2025-01-16T22:35:27-08:00,0,5
misc\js\drawing.html,4,html,de0b34a9,NGLYRY,2025-01-16,22:35:27,-08:00,2025-01-16T22:35:27-08:00,0,21
misc\js\drawing.html,5,html,de0b34a9,NGLYRY,2025-01-16,22:35:27,-08:00,2025-01-16T22:35:27-08:00,0,69
misc\js\drawing.html,6,html,de0b34a9,NGLYRY,2025-01-16,22:35:27,-08:00,2025-01-16T22:35:27-08:00,0,31
misc\js\drawing.html,7,html,de0b34a9,NGLYRY,2025-01-16,22:35:27,-08:00,2025-01-16T22:35:27-08:00,0,49
misc\js\drawing.html,8,html,de0b34a9,NGLYRY,2025-01-16,22:35:27,-08:00,2025-01-16T22:35:27-08:00,0,6
misc\js\drawing.html,9,html,de0b34a9,NGLYRY,2025-01-16,22:35:27,-08:00,2025-01-16T22:35:27-08:00,0,5
misc\js\drawing.html,10,html,de0b34a9,NGLYRY,2025-01-16,22:35:27,-08:00,2025-01-16T22:35:27-08:00,0,16
misc\js\drawing.html,11,html,de0b34a9,NGLYRY,2025-01-16,22:35:27,-08:00,2025-01-16T22:35:27-08:00,0,0
misc\js\drawing.html,12,html,de0b34a9,NGLYRY,2025-01-16,22:35:27,-08:00,2025-01-16T22:35:27-08:00,0,4
misc\js\drawing.html,13,html,de0b34a9,NGLYRY,2025-01-16,22:35:27,-08:00,2025-01-16T22:35:27-08:00,0,31
misc\js\drawing.html,14,html,de0b34a9,NGLYRY,2025-01-16,22:35:27,-08:00,2025-01-16T22:35:27-08:00,0,40
misc\js\drawing.html,15,html,de0b34a9,NGLYRY,2025-01-16,22:35:27,-08:00,2025-01-16T22:35:27-08:00,0,42
misc\js\drawing.html,16,html,de0b34a9,NGLYRY,2025-01-16,22:35:27,-08:00,2025-01-16T22:35:27-08:00,0,32
misc\js\drawing.html,17,html,de0b34a9,NGLYRY,2025-01-16,22:35:27,-08:00,2025-01-16T22:35:27-08:00,0,61
misc\js\drawing.html,18,html,de0b34a9,NGLYRY,2025-01-16,22:35:27,-08:00,2025-01-16T22:35:27-08:00,0,5
misc\js\drawing.html,19,html,de0b34a9,NGLYRY,2025-01-16,22:35:27,-08:00,2025-01-16T22:35:27-08:00,0,0
misc\js\drawing.html,20,html,de0b34a9,NGLYRY,2025-01-16,22:35:27,-08:00,2025-01-16T22:35:27-08:00,0,26
misc\js\drawing.html,21,html,de0b34a9,NGLYRY,2025-01-16,22:35:27,-08:00,2025-01-16T22:35:27-08:00,0,17
misc\js\drawing.html,22,html,de0b34a9,NGLYRY,2025-01-16,22:35:27,-08:00,2025-01-16T22:35:27-08:00,0,33
misc\js\drawing.html,23,html,de0b34a9,NGLYRY,2025-01-16,22:35:27,-08:00,2025-01-16T22:35:27-08:00,0,45
misc\js\drawing.html,24,html,de0b34a9,NGLYRY,2025-01-16,22:35:27,-08:00,2025-01-16T22:35:27-08:00,0,40
misc\js\drawing.html,25,html,de0b34a9,NGLYRY,2025-01-16,22:35:27,-08:00,2025-01-16T22:35:27-08:00,0,62
misc\js\drawing.html,26,html,de0b34a9,NGLYRY,2025-01-16,22:35:27,-08:00,2025-01-16T22:35:27-08:00,0,32
misc\js\drawing.html,27,html,de0b34a9,NGLYRY,2025-01-16,22:35:27,-08:00,2025-01-16T22:35:27-08:00,0,5
misc\js\drawing.html,28,html,de0b34a9,NGLYRY,2025-01-16,22:35:27,-08:00,2025-01-16T22:35:27-08:00,0,26
misc\js\drawing.html,29,html,de0b34a9,NGLYRY,2025-01-16,22:35:27,-08:00,2025-01-16T22:35:27-08:00,0,35
misc\js\drawing.html,30,html,de0b34a9,NGLYRY,2025-01-16,22:35:27,-08:00,2025-01-16T22:35:27-08:00,0,5
misc\js\drawing.html,31,html,de0b34a9,NGLYRY,2025-01-16,22:35:27,-08:00,2025-01-16T22:35:27-08:00,0,9
misc\js\drawing.html,32,html,de0b34a9,NGLYRY,2025-01-16,22:35:27,-08:00,2025-01-16T22:35:27-08:00,0,37
misc\js\drawing.html,33,html,de0b34a9,NGLYRY,2025-01-16,22:35:27,-08:00,2025-01-16T22:35:27-08:00,0,0
misc\js\drawing.html,34,html,de0b34a9,NGLYRY,2025-01-16,22:35:27,-08:00,2025-01-16T22:35:27-08:00,0,6
misc\js\drawing.html,35,html,de0b34a9,NGLYRY,2025-01-16,22:35:27,-08:00,2025-01-16T22:35:27-08:00,0,6
misc\js\css\artistry.css,1,css,871e8f98,NGLYRY,2025-01-10,18:47:48,-08:00,2025-01-10T18:47:48-08:00,0,5
misc\js\css\artistry.css,2,css,871e8f98,NGLYRY,2025-01-10,18:47:48,-08:00,2025-01-10T18:47:48-08:00,0,9
misc\js\css\artistry.css,3,css,871e8f98,NGLYRY,2025-01-10,18:47:48,-08:00,2025-01-10T18:47:48-08:00,0,10
misc\js\css\artistry.css,4,css,871e8f98,NGLYRY,2025-01-10,18:47:48,-08:00,2025-01-10T18:47:48-08:00,0,12
misc\js\css\artistry.css,5,css,871e8f98,NGLYRY,2025-01-10,18:47:48,-08:00,2025-01-10T18:47:48-08:00,0,16
misc\js\css\artistry.css,6,css,871e8f98,NGLYRY,2025-01-10,18:47:48,-08:00,2025-01-10T18:47:48-08:00,0,12
misc\js\css\artistry.css,7,css,871e8f98,NGLYRY,2025-01-10,18:47:48,-08:00,2025-01-10T18:47:48-08:00,0,0
misc\js\css\artistry.css,8,css,871e8f98,NGLYRY,2025-01-10,18:47:48,-08:00,2025-01-10T18:47:48-08:00,0,0
misc\js\css\artistry.css,9,css,871e8f98,NGLYRY,2025-01-10,18:47:48,-08:00,2025-01-10T18:47:48-08:00,0,3
misc\js\css\artistry.css,10,css,871e8f98,NGLYRY,2025-01-10,18:47:48,-08:00,2025-01-10T18:47:48-08:00,0,19
misc\js\css\artistry.css,11,css,871e8f98,NGLYRY,2025-01-10,18:47:48,-08:00,2025-01-10T18:47:48-08:00,0,72
misc\js\css\artistry.css,12,css,871e8f98,NGLYRY,2025-01-10,18:47:48,-08:00,2025-01-10T18:47:48-08:00,0,64
misc\js\css\artistry.css,13,css,871e8f98,NGLYRY,2025-01-10,18:47:48,-08:00,2025-01-10T18:47:48-08:00,0,21
misc\js\css\artistry.css,14,css,871e8f98,NGLYRY,2025-01-10,18:47:48,-08:00,2025-01-10T18:47:48-08:00,0,29
misc\js\css\artistry.css,15,css,871e8f98,NGLYRY,2025-01-10,18:47:48,-08:00,2025-01-10T18:47:48-08:00,0,36
misc\js\css\artistry.css,16,css,871e8f98,NGLYRY,2025-01-10,18:47:48,-08:00,2025-01-10T18:47:48-08:00,0,0
misc\js\css\artistry.css,17,css,871e8f98,NGLYRY,2025-01-10,18:47:48,-08:00,2025-01-10T18:47:48-08:00,0,0
misc\js\css\artistry.css,18,css,871e8f98,NGLYRY,2025-01-10,18:47:48,-08:00,2025-01-10T18:47:48-08:00,0,11
misc\js\css\artistry.css,19,css,871e8f98,NGLYRY,2025-01-10,18:47:48,-08:00,2025-01-10T18:47:48-08:00,0,12
misc\js\css\artistry.css,20,css,871e8f98,NGLYRY,2025-01-10,18:47:48,-08:00,2025-01-10T18:47:48-08:00,0,13
misc\js\css\artistry.css,21,css,871e8f98,NGLYRY,2025-01-10,18:47:48,-08:00,2025-01-10T18:47:48-08:00,0,0
misc\js\css\artistry.css,22,css,871e8f98,NGLYRY,2025-01-10,18:47:48,-08:00,2025-01-10T18:47:48-08:00,0,0
misc\js\css\artistry.css,23,css,871e8f98,NGLYRY,2025-01-10,18:47:48,-08:00,2025-01-10T18:47:48-08:00,0,9
misc\js\css\artistry.css,24,css,871e8f98,NGLYRY,2025-01-10,18:47:48,-08:00,2025-01-10T18:47:48-08:00,0,13
misc\js\css\artistry.css,25,css,871e8f98,NGLYRY,2025-01-10,18:47:48,-08:00,2025-01-10T18:47:48-08:00,0,22
misc\js\css\artistry.css,26,css,871e8f98,NGLYRY,2025-01-10,18:47:48,-08:00,2025-01-10T18:47:48-08:00,0,12
misc\js\css\artistry.css,27,css,871e8f98,NGLYRY,2025-01-10,18:47:48,-08:00,2025-01-10T18:47:48-08:00,0,11
misc\js\css\artistry.css,28,css,871e8f98,NGLYRY,2025-01-10,18:47:48,-08:00,2025-01-10T18:47:48-08:00,0,25
misc\js\css\artistry.css,29,css,871e8f98,NGLYRY,2025-01-10,18:47:48,-08:00,2025-01-10T18:47:48-08:00,0,0
misc\js\css\artistry.css,30,css,871e8f98,NGLYRY,2025-01-10,18:47:48,-08:00,2025-01-10T18:47:48-08:00,0,0
misc\js\css\artistry.css,31,css,871e8f98,NGLYRY,2025-01-10,18:47:48,-08:00,2025-01-10T18:47:48-08:00,0,11
misc\js\css\artistry.css,32,css,871e8f98,NGLYRY,2025-01-10,18:47:48,-08:00,2025-01-10T18:47:48-08:00,0,18
misc\js\css\artistry.css,33,css,871e8f98,NGLYRY,2025-01-10,18:47:48,-08:00,2025-01-10T18:47:48-08:00,0,0
misc\js\css\artistry.css,34,css,871e8f98,NGLYRY,2025-01-10,18:47:48,-08:00,2025-01-10T18:47:48-08:00,0,0
misc\js\css\artistry.css,35,css,871e8f98,NGLYRY,2025-01-10,18:47:48,-08:00,2025-01-10T18:47:48-08:00,0,15
misc\js\css\artistry.css,36,css,871e8f98,NGLYRY,2025-01-10,18:47:48,-08:00,2025-01-10T18:47:48-08:00,0,15
misc\js\css\artistry.css,37,css,871e8f98,NGLYRY,2025-01-10,18:47:48,-08:00,2025-01-10T18:47:48-08:00,0,0
misc\js\css\artistry.css,38,css,871e8f98,NGLYRY,2025-01-10,18:47:48,-08:00,2025-01-10T18:47:48-08:00,0,0
misc\js\css\artistry.css,39,css,871e8f98,NGLYRY,2025-01-10,18:47:48,-08:00,2025-01-10T18:47:48-08:00,0,15
misc\js\css\artistry.css,40,css,871e8f98,NGLYRY,2025-01-10,18:47:48,-08:00,2025-01-10T18:47:48-08:00,0,11
misc\js\css\artistry.css,41,css,871e8f98,NGLYRY,2025-01-10,18:47:48,-08:00,2025-01-10T18:47:48-08:00,0,0
misc\js\css\artistry.css,42,css,871e8f98,NGLYRY,2025-01-10,18:47:48,-08:00,2025-01-10T18:47:48-08:00,0,0
misc\js\css\artistry.css,43,css,871e8f98,NGLYRY,2025-01-10,18:47:48,-08:00,2025-01-10T18:47:48-08:00,0,16
misc\js\css\artistry.css,44,css,871e8f98,NGLYRY,2025-01-10,18:47:48,-08:00,2025-01-10T18:47:48-08:00,0,25
misc\js\css\artistry.css,45,css,871e8f98,NGLYRY,2025-01-10,18:47:48,-08:00,2025-01-10T18:47:48-08:00,0,12
misc\js\css\artistry.css,46,css,871e8f98,NGLYRY,2025-01-10,18:47:48,-08:00,2025-01-10T18:47:48-08:00,0,18
misc\js\css\artistry.css,47,css,871e8f98,NGLYRY,2025-01-10,18:47:48,-08:00,2025-01-10T18:47:48-08:00,0,11
misc\js\css\artistry.css,48,css,871e8f98,NGLYRY,2025-01-10,18:47:48,-08:00,2025-01-10T18:47:48-08:00,0,12
misc\js\css\artistry.css,49,css,871e8f98,NGLYRY,2025-01-10,18:47:48,-08:00,2025-01-10T18:47:48-08:00,0,0
misc\js\css\artistry.css,50,css,871e8f98,NGLYRY,2025-01-10,18:47:48,-08:00,2025-01-10T18:47:48-08:00,0,0
meta\index.html,1,html,20936d53,NGLYRY,2025-02-12,00:38:01,-08:00,2025-02-12T00:38:01-08:00,0,14
meta\index.html,2,html,20936d53,NGLYRY,2025-02-12,00:38:01,-08:00,2025-02-12T00:38:01-08:00,0,15
meta\index.html,3,html,20936d53,NGLYRY,2025-02-12,00:38:01,-08:00,2025-02-12T00:38:01-08:00,0,5
meta\index.html,4,html,20936d53,NGLYRY,2025-02-12,00:38:01,-08:00,2025-02-12T00:38:01-08:00,0,21
meta\index.html,5,html,20936d53,NGLYRY,2025-02-12,00:38:01,-08:00,2025-02-12T00:38:01-08:00,0,69
meta\index.html,6,html,20936d53,NGLYRY,2025-02-12,00:38:01,-08:00,2025-02-12T00:38:01-08:00,0,22
meta\index.html,7,html,20936d53,NGLYRY,2025-02-12,00:38:01,-08:00,2025-02-12T00:38:01-08:00,0,6
meta\index.html,8,html,20936d53,NGLYRY,2025-02-12,00:38:01,-08:00,2025-02-12T00:38:01-08:00,0,5
meta\index.html,9,html,20936d53,NGLYRY,2025-02-12,00:38:01,-08:00,2025-02-12T00:38:01-08:00,0,0
meta\index.html,10,html,20936d53,NGLYRY,2025-02-12,00:38:01,-08:00,2025-02-12T00:38:01-08:00,0,6
meta\index.html,11,html,20936d53,NGLYRY,2025-02-12,00:38:01,-08:00,2025-02-12T00:38:01-08:00,0,6
contact\index.html,1,html,782d13bf,NGLYRY,2025-01-10,13:50:08,-08:00,2025-01-10T13:50:08-08:00,0,14
contact\index.html,2,html,dd57adaa,NGLYRY,2025-01-25,16:39:36,-08:00,2025-01-25T16:39:36-08:00,0,28
contact\index.html,3,html,782d13bf,NGLYRY,2025-01-10,13:50:08,-08:00,2025-01-10T13:50:08-08:00,0,5
contact\index.html,4,html,782d13bf,NGLYRY,2025-01-10,13:50:08,-08:00,2025-01-10T13:50:08-08:00,0,21
contact\index.html,5,html,782d13bf,NGLYRY,2025-01-10,13:50:08,-08:00,2025-01-10T13:50:08-08:00,0,69
contact\index.html,6,html,782d13bf,NGLYRY,2025-01-10,13:50:08,-08:00,2025-01-10T13:50:08-08:00,0,30
contact\index.html,7,html,65a26aaa,NGLYRY,2025-01-25,15:49:51,-08:00,2025-01-25T15:49:51-08:00,0,42
contact\index.html,8,html,782d13bf,NGLYRY,2025-01-10,13:50:08,-08:00,2025-01-10T13:50:08-08:00,0,6
contact\index.html,9,html,782d13bf,NGLYRY,2025-01-10,13:50:08,-08:00,2025-01-10T13:50:08-08:00,0,5
contact\index.html,10,html,782d13bf,NGLYRY,2025-01-10,13:50:08,-08:00,2025-01-10T13:50:08-08:00,0,15
contact\index.html,11,html,671aff62,NGLYRY,2025-01-10,14:15:16,-08:00,2025-01-10T14:15:16-08:00,0,0
contact\index.html,12,html,7caf8b66,NGLYRY,2025-01-10,16:33:27,-08:00,2025-01-10T16:33:27-08:00,0,87
contact\index.html,13,html,de0b34a9,NGLYRY,2025-01-16,22:35:27,-08:00,2025-01-16T22:35:27-08:00,0,31
contact\index.html,14,html,db02b296,NGLYRY,2025-01-17,21:42:25,-08:00,2025-01-17T21:42:25-08:00,0,77
contact\index.html,15,html,de0b34a9,NGLYRY,2025-01-16,22:35:27,-08:00,2025-01-16T22:35:27-08:00,0,35
contact\index.html,16,html,7caf8b66,NGLYRY,2025-01-10,16:33:27,-08:00,2025-01-10T16:33:27-08:00,0,21
contact\index.html,17,html,de0b34a9,NGLYRY,2025-01-16,22:35:27,-08:00,2025-01-16T22:35:27-08:00,0,29
contact\index.html,18,html,7caf8b66,NGLYRY,2025-01-10,16:33:27,-08:00,2025-01-10T16:33:27-08:00,0,32
contact\index.html,19,html,db02b296,NGLYRY,2025-01-17,21:42:25,-08:00,2025-01-17T21:42:25-08:00,0,34
contact\index.html,20,html,7caf8b66,NGLYRY,2025-01-10,16:33:27,-08:00,2025-01-10T16:33:27-08:00,0,6
contact\index.html,21,html,dd57adaa,NGLYRY,2025-01-25,16:39:36,-08:00,2025-01-25T16:39:36-08:00,0,49
contact\index.html,22,html,782d13bf,NGLYRY,2025-01-10,13:50:08,-08:00,2025-01-10T13:50:08-08:00,0,6
contact\index.html,23,html,782d13bf,NGLYRY,2025-01-10,13:50:08,-08:00,2025-01-10T13:50:08-08:00,0,6
